id,name,slug,release_date,median_output_tokens_per_second,median_time_to_first_token_seconds,median_time_to_first_answer_token,model_creator_id,model_creator_name,model_creator_slug,evaluations_artificial_analysis_intelligence_index,evaluations_artificial_analysis_coding_index,evaluations_artificial_analysis_math_index,evaluations_mmlu_pro,evaluations_gpqa,evaluations_hle,evaluations_livecodebench,evaluations_scicode,evaluations_math_500,evaluations_aime,evaluations_aime_25,evaluations_ifbench,evaluations_lcr,evaluations_terminalbench_hard,evaluations_tau2,pricing_price_1m_blended_3_to_1,pricing_price_1m_input_tokens,pricing_price_1m_output_tokens
f0083258-8646-45b8-8082-7aaf6c2ea82a,gpt-oss-120B (high),gpt-oss-120b,2025-08-05,336.014,0.48,6.432,e67e56e3-15cd-43db-b679-da4660a69f41,OpenAI,openai,33.3,28.6,93.4,0.808,0.782,0.185,0.878,0.389,,,0.934,0.69,0.507,0.235,0.658,0.263,0.15,0.6
fd4454ff-e703-46c0-a7f5-fa69af09486d,GPT-5.1 Codex mini (high),gpt-5-1-codex-mini,2025-11-13,162.048,9.602,9.602,e67e56e3-15cd-43db-b679-da4660a69f41,OpenAI,openai,38.5,36.4,91.7,0.82,0.813,0.169,0.836,0.426,,,0.917,0.679,0.627,0.333,0.629,0.688,0.25,2.0
e18e5e6a-5a31-4c0b-b80b-ac401392f446,GPT-5 nano (high),gpt-5-nano,2025-08-07,137.797,123.114,123.114,e67e56e3-15cd-43db-b679-da4660a69f41,OpenAI,openai,26.7,20.3,83.7,0.78,0.676,0.082,0.789,0.366,,,0.837,0.676,0.417,0.121,0.365,0.138,0.05,0.4
36f73aaf-d38a-4b56-a2b3-d04d17186910,gpt-oss-20B (high),gpt-oss-20b,2025-08-05,312.657,0.476,6.873,e67e56e3-15cd-43db-b679-da4660a69f41,OpenAI,openai,24.5,18.5,89.3,0.748,0.688,0.098,0.777,0.344,,,0.893,0.651,0.307,0.106,0.602,0.1,0.07,0.2
16149b9c-a1e9-4669-a5cb-ff3c00d78f89,gpt-oss-20B (low),gpt-oss-20b-low,2025-08-05,308.784,0.45,6.927,e67e56e3-15cd-43db-b679-da4660a69f41,OpenAI,openai,20.8,14.4,62.3,0.718,0.611,0.051,0.652,0.34,,,0.623,0.578,0.31,0.045,0.503,0.1,0.07,0.2
c99f3bde-7c08-4de8-bd5c-8ee9123ebffa,gpt-oss-120B (low),gpt-oss-120b-low,2025-08-05,350.163,0.445,6.156,e67e56e3-15cd-43db-b679-da4660a69f41,OpenAI,openai,23.9,15.5,66.7,0.775,0.672,0.052,0.707,0.36,,,0.667,0.583,0.437,0.053,0.45,0.263,0.15,0.595
6dd8ba55-5680-44a9-b309-82928165d5f0,GPT-5.2 (Non-reasoning),gpt-5-2-non-reasoning,2025-12-11,75.418,0.541,0.541,e67e56e3-15cd-43db-b679-da4660a69f41,OpenAI,openai,33.5,34.7,51.0,0.814,0.712,0.073,0.669,0.404,,,0.51,0.474,0.38,0.318,0.465,4.813,1.75,14.0
4c111fbc-d13a-42b4-858c-1dc17fe3c1d1,Grok-1,grok-1,2024-03-17,0.0,0.0,0.0,a1e3ddcf-d3e4-44a5-9e8f-029a69850875,xAI,xai,11.7,,,,,,,,,,,,,,,0.0,0.0,0.0
16c5b637-8bce-4252-81f2-1b87a36a4e4c,o3,o3,2025-04-16,139.572,13.943,13.943,e67e56e3-15cd-43db-b679-da4660a69f41,OpenAI,openai,38.3,38.4,88.3,0.853,0.827,0.2,0.808,0.41,0.992,0.903,0.883,0.714,0.693,0.371,0.807,3.5,2.0,8.0
29855680-7469-43eb-8b88-cd3fb1d99da3,GPT-5 mini (high),gpt-5-mini,2025-08-07,76.036,108.227,108.227,e67e56e3-15cd-43db-b679-da4660a69f41,OpenAI,openai,41.0,35.3,90.7,0.837,0.828,0.197,0.838,0.392,,,0.907,0.754,0.68,0.333,0.684,0.688,0.25,2.0
019e86f6-e66b-42d8-8a50-235a06b53003,GPT-5.2 Codex (xhigh),gpt-5-2-codex,2025-12-11,95.736,21.032,21.032,e67e56e3-15cd-43db-b679-da4660a69f41,OpenAI,openai,49.0,43.0,,,0.899,0.335,,0.546,,,,0.776,0.757,0.371,0.921,4.813,1.75,14.0
498862c3-f9ac-49d2-852f-16a02bb0c38f,GPT-5.2 (xhigh),gpt-5-2,2025-12-11,89.618,37.559,37.559,e67e56e3-15cd-43db-b679-da4660a69f41,OpenAI,openai,51.2,48.7,99.0,0.874,0.903,0.354,0.889,0.521,,,0.99,0.754,0.727,0.47,0.848,4.813,1.75,14.0
84e3f11e-d659-4941-8988-1dbfabbaf538,GPT-5.2 (medium),gpt-5-2-medium,2025-12-11,0.0,0.0,0.0,e67e56e3-15cd-43db-b679-da4660a69f41,OpenAI,openai,46.6,44.2,96.7,0.859,0.864,0.249,0.894,0.462,,,0.967,0.652,0.633,0.432,0.743,4.813,1.75,14.0
976cc8ad-7904-4056-83c5-960181f47d5f,Llama 3.3 Instruct 70B,llama-3-3-instruct-70b,2024-12-06,79.705,0.51,0.51,e1694725-0192-4e54-b1b8-c97e816c6cbe,Meta,meta,14.2,10.7,7.7,0.713,0.498,0.04,0.288,0.26,0.773,0.3,0.077,0.471,0.15,0.03,0.266,0.675,0.585,0.715
45c87531-2d57-48e0-8012-202cd636189e,Llama 3.1 Instruct 405B,llama-3-1-instruct-405b,2024-07-23,25.182,0.706,0.706,e1694725-0192-4e54-b1b8-c97e816c6cbe,Meta,meta,14.2,14.5,3.0,0.732,0.515,0.042,0.305,0.299,0.703,0.213,0.03,0.39,0.243,0.068,0.19,4.375,4.0,9.5
9ca71ac4-41c8-42c0-87dd-5704a9e5b94d,Llama 3.2 Instruct 90B (Vision),llama-3-2-instruct-90b-vision,2024-09-25,37.736,0.414,0.414,e1694725-0192-4e54-b1b8-c97e816c6cbe,Meta,meta,11.9,,,0.671,0.432,0.049,0.214,0.24,0.629,0.05,,,,,,0.72,0.72,0.72
5fb47ff6-a30e-4c2c-96f2-55e95a13390f,Llama 3.2 Instruct 11B (Vision),llama-3-2-instruct-11b-vision,2024-09-25,67.375,0.467,0.467,e1694725-0192-4e54-b1b8-c97e816c6cbe,Meta,meta,8.8,4.3,1.7,0.464,0.221,0.052,0.11,0.112,0.516,0.093,0.017,0.304,0.117,0.008,0.146,0.16,0.16,0.16
adf9a85e-abc3-4f28-937b-db6655cc5238,Llama 4 Scout,llama-4-scout,2025-04-05,156.923,0.478,0.478,e1694725-0192-4e54-b1b8-c97e816c6cbe,Meta,meta,13.5,6.7,14.0,0.752,0.587,0.043,0.299,0.17,0.844,0.283,0.14,0.395,0.258,0.015,0.155,0.287,0.18,0.625
922c69c7-9037-43c6-8bcf-a1c555e7f3eb,Llama 4 Maverick,llama-4-maverick,2025-04-05,120.099,0.504,0.504,e1694725-0192-4e54-b1b8-c97e816c6cbe,Meta,meta,18.3,15.6,19.3,0.809,0.671,0.048,0.397,0.331,0.889,0.39,0.193,0.43,0.46,0.068,0.178,0.461,0.31,0.85
2e6400f5-85ca-4ebc-ba8f-c2811a631138,Gemma 3 12B Instruct,gemma-3-12b,2025-03-12,36.155,20.008,20.008,faddc6d9-2c14-445f-9b28-56726f59c793,Google,google,8.8,6.3,18.3,0.595,0.349,0.048,0.137,0.174,0.853,0.22,0.183,0.367,0.067,0.008,0.108,0.0,0.0,0.0
222fb320-6e55-4672-846a-b6d5a24a45f4,Gemma 3 4B Instruct,gemma-3-4b,2025-03-12,34.928,0.927,0.927,faddc6d9-2c14-445f-9b28-56726f59c793,Google,google,6.3,2.9,12.7,0.417,0.291,0.052,0.112,0.073,0.766,0.063,0.127,0.283,0.057,0.008,0.05,0.0,0.0,0.0
2bfdd17a-e027-4068-a54e-b0e90a6df118,Gemma 3 27B Instruct,gemma-3-27b,2025-03-12,37.158,0.724,0.724,faddc6d9-2c14-445f-9b28-56726f59c793,Google,google,10.2,9.6,20.7,0.669,0.428,0.047,0.137,0.212,0.883,0.253,0.207,0.318,0.057,0.038,0.105,0.0,0.0,0.0
04781a0e-40f0-4e2a-a4e5-18e389364a79,Gemma 3 270M,gemma-3-270m,2025-08-14,0.0,0.0,0.0,faddc6d9-2c14-445f-9b28-56726f59c793,Google,google,7.5,0.0,2.3,0.055,0.224,0.042,0.003,0.0,,,0.023,0.121,0.0,0.0,0.091,0.0,0.0,0.0
d1720545-d0a8-4c15-a53e-ef5ca99ac7ea,Gemma 3 1B Instruct,gemma-3-1b,2025-03-13,49.695,0.529,0.529,faddc6d9-2c14-445f-9b28-56726f59c793,Google,google,5.4,0.2,3.3,0.135,0.237,0.052,0.017,0.007,0.484,0.0,0.033,0.199,0.0,0.0,0.105,0.0,0.0,0.0
a8c67863-9d66-44dd-8d27-f58654ecde03,Gemma 3n E2B Instruct,gemma-3n-e2b,2025-06-26,52.775,0.397,0.397,faddc6d9-2c14-445f-9b28-56726f59c793,Google,google,4.7,2.2,10.3,0.378,0.229,0.04,0.095,0.052,0.691,0.09,0.103,0.22,0.0,0.008,0.0,0.0,0.0,0.0
27202e5f-c82d-4710-92e9-4317877d4883,Gemini 2.5 Pro,gemini-2-5-pro,2025-06-05,153.224,37.975,37.975,faddc6d9-2c14-445f-9b28-56726f59c793,Google,google,34.5,31.9,87.7,0.862,0.844,0.211,0.801,0.428,0.967,0.887,0.877,0.487,0.66,0.265,0.541,3.438,1.25,10.0
7c73c3be-7f51-4d14-bec8-d5789488df25,Gemini 3 Flash Preview (Reasoning),gemini-3-flash-reasoning,2025-12-17,199.628,12.625,12.625,faddc6d9-2c14-445f-9b28-56726f59c793,Google,google,46.4,42.6,97.0,0.89,0.898,0.347,0.908,0.506,,,0.97,0.78,0.663,0.386,0.804,1.125,0.5,3.0
bbd93ebe-80da-4594-bb19-61e69d0331df,Gemini 3.1 Pro Preview,gemini-3-1-pro-preview,2026-02-19,109.176,28.958,28.958,faddc6d9-2c14-445f-9b28-56726f59c793,Google,google,57.0,55.5,,,0.941,0.447,,0.589,,,,0.771,0.727,0.538,0.956,4.5,2.0,12.0
b2f3191f-77d6-4155-8be6-330f0baa1ae5,Gemini 3 Pro Preview (low),gemini-3-pro-low,2025-11-18,137.995,4.387,4.387,faddc6d9-2c14-445f-9b28-56726f59c793,Google,google,41.1,39.4,86.7,0.895,0.887,0.276,0.857,0.499,,,0.867,0.497,0.673,0.341,0.681,4.5,2.0,12.0
84922739-425f-46e1-87ac-bb4268dcacbb,Gemini 2.5 Flash-Lite Preview (Sep '25) (Reasoning),gemini-2-5-flash-lite-preview-09-2025-reasoning,2025-09-08,454.709,13.821,13.821,faddc6d9-2c14-445f-9b28-56726f59c793,Google,google,21.6,18.1,68.7,0.808,0.709,0.066,0.688,0.287,,,0.687,0.526,0.59,0.129,0.307,0.175,0.1,0.4
783a0ea2-1eef-422a-8c3d-f6d40d943f54,Gemini 3 Flash Preview (Non-reasoning),gemini-3-flash,2025-12-17,170.277,7.794,7.794,faddc6d9-2c14-445f-9b28-56726f59c793,Google,google,35.1,37.8,55.7,0.882,0.812,0.141,0.797,0.499,,,0.557,0.551,0.48,0.318,0.433,1.125,0.5,3.0
a797eaf3-6d75-4f29-86a8-e1243ce52d43,Gemma 3n E4B Instruct,gemma-3n-e4b,2025-06-26,52.744,0.367,0.367,faddc6d9-2c14-445f-9b28-56726f59c793,Google,google,6.3,4.2,14.3,0.488,0.296,0.044,0.146,0.081,0.771,0.137,0.143,0.279,0.0,0.023,0.05,0.025,0.02,0.04
71f51ea9-94fe-4635-a80d-4cfffbb685f4,Gemini 2.5 Flash-Lite Preview (Sep '25) (Non-reasoning),gemini-2-5-flash-lite-preview-09-2025,2025-09-25,322.3,1.641,1.641,faddc6d9-2c14-445f-9b28-56726f59c793,Google,google,19.4,14.5,46.7,0.796,0.651,0.046,0.641,0.285,,,0.467,0.418,0.48,0.076,0.304,0.175,0.1,0.4
a6340098-d7ae-462d-b372-0a0a67fc44b4,Claude 4.5 Haiku (Reasoning),claude-4-5-haiku-reasoning,2025-10-15,118.688,0.493,17.344,f0aa413f-e8ae-4fcd-9c48-0e049f4f3128,Anthropic,anthropic,37.0,32.6,83.7,0.76,0.672,0.097,0.615,0.433,,,0.837,0.543,0.703,0.273,0.547,2.0,1.0,5.0
c2b1e769-7aee-4669-8076-73918bdebf6c,Claude 4.5 Haiku (Non-reasoning),claude-4-5-haiku,2025-10-15,108.791,0.478,0.478,f0aa413f-e8ae-4fcd-9c48-0e049f4f3128,Anthropic,anthropic,31.0,29.6,39.0,0.8,0.646,0.043,0.511,0.344,,,0.39,0.42,0.437,0.273,0.325,2.0,1.0,5.0
df8d14e0-3997-4e4d-b4ad-9c047acc9c69,"Claude Sonnet 4.6 (Adaptive Reasoning, Max Effort)",claude-sonnet-4-6-adaptive,2026-02-17,61.567,0.655,33.14,f0aa413f-e8ae-4fcd-9c48-0e049f4f3128,Anthropic,anthropic,51.3,50.9,,,0.875,0.3,,0.468,,,,0.566,0.707,0.53,0.757,6.0,3.0,15.0
2e40e695-3cec-43da-83f9-615af30b8e91,"Claude Sonnet 4.6 (Non-reasoning, High Effort)",claude-sonnet-4-6,2026-02-17,55.065,0.727,0.727,f0aa413f-e8ae-4fcd-9c48-0e049f4f3128,Anthropic,anthropic,44.3,46.4,,,0.799,0.132,,0.469,,,,0.412,0.577,0.462,0.795,6.0,3.0,15.0
4386585e-71b4-4a0c-8a63-afb333419cd6,"Claude Opus 4.6 (Non-reasoning, High Effort)",claude-opus-4-6,2026-02-05,67.159,1.519,1.519,f0aa413f-e8ae-4fcd-9c48-0e049f4f3128,Anthropic,anthropic,46.4,47.6,,,0.84,0.186,,0.457,,,,0.446,0.583,0.485,0.848,10.0,5.0,25.0
53c98840-47af-49aa-94e6-469fb17e9a1b,"Claude Opus 4.6 (Adaptive Reasoning, Max Effort)",claude-opus-4-6-adaptive,2026-02-05,71.892,1.636,29.456,f0aa413f-e8ae-4fcd-9c48-0e049f4f3128,Anthropic,anthropic,53.0,48.1,,,0.896,0.367,,0.519,,,,0.531,0.707,0.462,0.921,10.0,5.0,25.0
f2e21112-192e-4aed-ae82-68ca3b38e667,"Claude Sonnet 4.6 (Non-reasoning, Low Effort)",claude-sonnet-4-6-non-reasoning-low-effort,2026-02-17,56.479,0.704,0.704,f0aa413f-e8ae-4fcd-9c48-0e049f4f3128,Anthropic,anthropic,42.5,43.0,,,0.797,0.108,,0.441,,,,0.424,0.587,0.424,0.789,6.0,3.0,15.0
9741f3c2-cbb1-4a3f-99ee-7bd7384d9038,Ministral 3 8B,ministral-3-8b,2025-12-02,180.662,0.279,0.279,b5c0639a-cc9c-443b-a07e-bae6b7088933,Mistral,mistral,14.6,10.0,31.7,0.642,0.471,0.043,0.303,0.208,,,0.317,0.291,0.24,0.045,0.266,0.15,0.15,0.15
713fae11-c75c-4f10-ae2c-8e4074cd58af,Ministral 3 14B,ministral-3-14b,2025-12-02,124.15,0.293,0.293,b5c0639a-cc9c-443b-a07e-bae6b7088933,Mistral,mistral,16.0,10.9,30.0,0.693,0.572,0.046,0.351,0.236,,,0.3,0.32,0.22,0.045,0.272,0.2,0.2,0.2
4928e950-7f37-4475-b0dc-c5bad781a321,Mistral Large 3,mistral-large-3,2025-12-02,56.088,0.495,0.495,b5c0639a-cc9c-443b-a07e-bae6b7088933,Mistral,mistral,22.7,22.7,38.0,0.807,0.68,0.041,0.465,0.362,,,0.38,0.362,0.347,0.159,0.246,0.75,0.5,1.5
864da2a5-156c-45fd-873c-8923be91914f,Magistral Medium 1.2,magistral-medium-2509,2025-09-18,28.74,0.508,70.098,b5c0639a-cc9c-443b-a07e-bae6b7088933,Mistral,mistral,27.0,21.7,82.0,0.815,0.739,0.096,0.75,0.392,,,0.82,0.43,0.513,0.129,0.52,2.75,2.0,5.0
43da3718-3d6e-40dd-901a-05664179ff7f,Mistral Small 3.2,mistral-small-3-2,2025-06-20,118.265,0.305,0.305,b5c0639a-cc9c-443b-a07e-bae6b7088933,Mistral,mistral,15.0,13.3,27.0,0.681,0.505,0.043,0.275,0.264,0.883,0.323,0.27,0.335,0.173,0.068,0.295,0.15,0.1,0.3
09f43999-b67b-4c1b-b050-44df41ed7e62,Devstral 2,devstral-2,2025-12-09,75.832,0.392,0.392,b5c0639a-cc9c-443b-a07e-bae6b7088933,Mistral,mistral,22.0,23.7,36.7,0.762,0.594,0.036,0.448,0.331,,,0.367,0.381,0.3,0.189,0.249,0.0,0.0,0.0
05a32e26-e609-4377-951b-8fa23d329926,Mistral Medium 3.1,mistral-medium-3-1,2025-08-12,103.896,0.375,0.375,b5c0639a-cc9c-443b-a07e-bae6b7088933,Mistral,mistral,21.1,18.3,38.3,0.683,0.588,0.044,0.406,0.338,,,0.383,0.398,0.197,0.106,0.406,0.8,0.4,2.0
ce819310-af7c-49d3-9a02-6845111e1788,Devstral Small 2,devstral-small-2,2025-12-09,205.67,0.357,0.357,b5c0639a-cc9c-443b-a07e-bae6b7088933,Mistral,mistral,19.3,20.7,34.3,0.678,0.532,0.034,0.348,0.288,,,0.343,0.312,0.24,0.167,0.234,0.0,0.0,0.0
66f4ce73-9a9b-4b49-9c6e-bedb9bfdc720,Ministral 3 3B,ministral-3-3b,2025-12-02,295.929,0.264,0.264,b5c0639a-cc9c-443b-a07e-bae6b7088933,Mistral,mistral,11.2,4.8,22.0,0.524,0.358,0.053,0.247,0.144,,,0.22,0.268,0.117,0.0,0.249,0.1,0.1,0.1
70152cb0-fb36-4732-a925-89ef40994be1,Magistral Small 1.2,magistral-small-2509,2025-09-17,211.469,0.324,9.782,b5c0639a-cc9c-443b-a07e-bae6b7088933,Mistral,mistral,18.1,14.8,80.3,0.768,0.663,0.061,0.723,0.352,,,0.803,0.444,0.163,0.045,0.278,0.75,0.5,1.5
4a845d7b-a52d-43bb-80b7-b58c7a0c155e,DeepSeek R1 Distill Llama 70B,deepseek-r1-distill-llama-70b,2025-01-20,57.888,0.796,35.345,58b835bf-4c87-4f87-a846-df4b692c6e7d,DeepSeek,deepseek,16.0,11.4,53.7,0.795,0.402,0.061,0.266,0.312,0.935,0.67,0.537,0.276,0.11,0.015,0.219,0.875,0.7,1.05
6d9a176d-feb8-4dac-8872-afe32b31897f,DeepSeek V3.2 (Non-reasoning),deepseek-v3-2,2025-12-01,49.238,1.154,1.154,58b835bf-4c87-4f87-a846-df4b692c6e7d,DeepSeek,deepseek,32.1,34.6,59.0,0.837,0.751,0.105,0.593,0.387,,,0.59,0.49,0.39,0.326,0.789,0.315,0.28,0.42
a83f84b3-473a-4276-9ae1-8909da723159,DeepSeek R1 0528 (May '25),deepseek-r1,2025-05-28,0.0,0.0,0.0,58b835bf-4c87-4f87-a846-df4b692c6e7d,DeepSeek,deepseek,27.0,24.0,76.0,0.849,0.813,0.149,0.77,0.403,0.983,0.893,0.76,0.396,0.547,0.159,0.365,2.362,1.35,4.2
6000145b-0e3d-4fef-a55f-bcaac84803b2,DeepSeek R1 0528 Qwen3 8B,deepseek-r1-qwen3-8b,2025-05-29,0.0,0.0,0.0,58b835bf-4c87-4f87-a846-df4b692c6e7d,DeepSeek,deepseek,16.4,7.8,63.7,0.739,0.612,0.056,0.513,0.204,0.932,0.65,0.637,0.199,0.13,0.015,0.0,0.0,0.0,0.0
d621247c-d47e-458c-82cb-a166bc3b37e5,DeepSeek V3.2 (Reasoning),deepseek-v3-2-reasoning,2025-12-01,50.119,1.181,41.086,58b835bf-4c87-4f87-a846-df4b692c6e7d,DeepSeek,deepseek,41.6,36.7,92.0,0.862,0.84,0.222,0.862,0.389,,,0.92,0.607,0.65,0.356,0.906,0.315,0.28,0.42
527e943a-adc6-4e69-93af-d1608e1b5fed,DeepSeek V3.2 Speciale,deepseek-v3-2-speciale,2025-12-01,0.0,0.0,0.0,58b835bf-4c87-4f87-a846-df4b692c6e7d,DeepSeek,deepseek,34.1,37.9,96.7,0.863,0.871,0.261,0.896,0.44,,,0.967,0.639,0.593,0.348,0.0,0.0,0.0,0.0
98e3230e-cee1-4c19-b9f8-b6b6a826ca93,R1 1776,r1-1776,2025-02-18,0.0,0.0,0.0,941fc0f0-1d4e-405a-95b2-2d49494e0e6c,Perplexity,perplexity,12.0,,,,,,,,0.954,,,,,,,0.0,0.0,0.0
c76e0ae8-0fd2-45c0-a39d-d398fce9b128,Falcon-H1R-7B,falcon-h1r-7b,2026-01-04,0.0,0.0,0.0,d676bc61-3394-4046-ac6a-85eea9aedaba,TII UAE,tii-uae,15.8,9.8,80.0,0.725,0.661,0.108,0.724,0.249,,,0.8,0.544,0.087,0.023,0.278,0.0,0.0,0.0
ff9bc5e5-a02f-4270-983e-4b3f834f3363,Grok 3 mini Reasoning (high),grok-3-mini-reasoning,2025-02-19,194.293,0.764,11.057,a1e3ddcf-d3e4-44a5-9e8f-029a69850875,xAI,xai,32.0,25.2,84.7,0.828,0.791,0.111,0.696,0.406,0.992,0.933,0.847,0.459,0.503,0.174,0.904,0.35,0.3,0.5
49fd01f9-887d-4479-b8ce-771a81ecef4e,Grok 4.1 Fast (Non-reasoning),grok-4-1-fast,2025-11-19,117.503,0.784,0.784,a1e3ddcf-d3e4-44a5-9e8f-029a69850875,xAI,xai,23.5,19.5,34.3,0.743,0.637,0.05,0.399,0.296,,,0.343,0.365,0.22,0.144,0.637,0.275,0.2,0.5
5ea94a4a-55ac-4ea1-8898-2b3971e94af6,Grok 4,grok-4,2025-07-10,43.019,8.454,8.454,a1e3ddcf-d3e4-44a5-9e8f-029a69850875,xAI,xai,41.4,40.5,92.7,0.866,0.877,0.239,0.819,0.457,0.99,0.943,0.927,0.537,0.68,0.379,0.749,6.0,3.0,15.0
a06bd3fc-86db-4a8e-ae6d-7459444d08c9,Grok Code Fast 1,grok-code-fast-1,2025-08-28,341.765,7.074,7.074,a1e3ddcf-d3e4-44a5-9e8f-029a69850875,xAI,xai,28.7,23.7,43.3,0.793,0.727,0.075,0.657,0.362,,,0.433,0.414,0.483,0.174,0.757,0.525,0.2,1.5
277d74aa-82dd-4bf3-bdcc-9b5f15108b00,Grok Voice Agent,grok-voice,2025-12-17,0.0,0.0,0.0,a1e3ddcf-d3e4-44a5-9e8f-029a69850875,xAI,xai,,,,,,,,,,,,,,,,0.0,0.0,0.0
23149f9b-c904-43e2-9ec4-afa2bf843941,Grok 4.1 Fast (Reasoning),grok-4-1-fast-reasoning,2025-11-19,159.001,13.451,13.451,a1e3ddcf-d3e4-44a5-9e8f-029a69850875,xAI,xai,38.5,30.9,89.3,0.854,0.853,0.176,0.822,0.442,,,0.893,0.527,0.68,0.242,0.933,0.275,0.2,0.5
344c6718-c573-41d4-9556-10287a3fa1fc,Nova Micro,nova-micro,2024-12-03,412.826,0.361,0.361,bb5a4e55-7969-4ab4-8702-3b9fd6547dc2,Amazon,aws,10.3,4.1,6.0,0.531,0.358,0.047,0.14,0.094,0.703,0.08,0.06,0.294,0.097,0.015,0.14,0.061,0.035,0.14
1f6478c9-3e22-4586-adbe-841782859677,Nova 2.0 Omni (Non-reasoning),nova-2-0-omni,2025-11-26,209.396,0.691,0.691,bb5a4e55-7969-4ab4-8702-3b9fd6547dc2,Amazon,aws,16.6,13.8,37.0,0.719,0.555,0.039,0.305,0.279,,,0.37,0.411,0.223,0.068,0.447,0.85,0.3,2.5
b36ff8f3-0323-49d1-a063-ab09704fdb0c,Nova 2.0 Omni (low),nova-2-0-omni-reasoning-low,2025-11-26,0.0,0.0,0.0,bb5a4e55-7969-4ab4-8702-3b9fd6547dc2,Amazon,aws,23.2,13.9,56.0,0.798,0.699,0.04,0.592,0.343,,,0.56,0.618,0.51,0.038,0.678,0.85,0.3,2.5
0d94dc87-12c8-4d4a-8d99-804ce3f17bc2,Nova 2.0 Pro Preview (medium),nova-2-0-pro-reasoning-medium,2025-11-27,130.734,20.2,35.499,bb5a4e55-7969-4ab4-8702-3b9fd6547dc2,Amazon,aws,35.6,30.4,89.0,0.83,0.785,0.089,0.73,0.427,,,0.89,0.79,0.543,0.242,0.927,3.438,1.25,10.0
f4274721-ef28-4121-aa88-8e97267a5a82,Nova 2.0 Pro Preview (low),nova-2-0-pro-reasoning-low,2025-11-27,132.929,12.222,27.268,bb5a4e55-7969-4ab4-8702-3b9fd6547dc2,Amazon,aws,31.9,24.5,63.3,0.822,0.751,0.052,0.638,0.387,,,0.633,0.796,0.617,0.174,0.906,3.438,1.25,10.0
76bce7fb-3a3f-4b66-a78d-35ccf3edf5d2,Nova 2.0 Lite (Non-reasoning),nova-2-0-lite,2025-10-29,201.395,0.519,0.519,bb5a4e55-7969-4ab4-8702-3b9fd6547dc2,Amazon,aws,17.9,12.5,33.7,0.743,0.603,0.03,0.346,0.24,,,0.337,0.405,0.177,0.068,0.62,0.85,0.3,2.5
e58bbffd-fdc2-412a-b6d7-ca0e3f5d611a,Nova Premier,nova-premier,2025-04-30,78.24,0.802,0.802,bb5a4e55-7969-4ab4-8702-3b9fd6547dc2,Amazon,aws,18.9,13.8,17.3,0.733,0.569,0.047,0.317,0.279,0.839,0.17,0.173,0.362,0.3,0.068,0.383,5.0,2.5,12.5
fbdf8da1-b341-448c-b3cb-8aff1d8f70b9,Nova 2.0 Lite (medium),nova-2-0-lite-reasoning-medium,2025-10-29,243.207,17.221,25.444,bb5a4e55-7969-4ab4-8702-3b9fd6547dc2,Amazon,aws,29.6,23.9,88.7,0.813,0.768,0.086,0.663,0.368,,,0.887,0.685,0.583,0.174,0.757,0.85,0.3,2.5
a20ae33a-46e1-41e6-81a0-fe8b00d2e538,Nova 2.0 Pro Preview (Non-reasoning),nova-2-0-pro,2025-11-27,158.987,0.511,0.511,bb5a4e55-7969-4ab4-8702-3b9fd6547dc2,Amazon,aws,22.9,20.5,30.7,0.772,0.636,0.04,0.473,0.281,,,0.307,0.52,0.283,0.167,0.716,3.438,1.25,10.0
6fd796d3-f346-4f66-97df-5da81714fc73,Nova 2.0 Lite (low),nova-2-0-lite-reasoning-low,2025-10-29,219.403,5.409,14.525,bb5a4e55-7969-4ab4-8702-3b9fd6547dc2,Amazon,aws,24.2,13.6,46.7,0.788,0.698,0.042,0.469,0.333,,,0.467,0.612,0.52,0.038,0.719,0.85,0.3,2.5
018c60e8-e908-431a-ba57-c840b1df3987,Nova 2.0 Omni (medium),nova-2-0-omni-reasoning-medium,2025-11-26,0.0,0.0,0.0,bb5a4e55-7969-4ab4-8702-3b9fd6547dc2,Amazon,aws,27.9,15.1,89.7,0.809,0.76,0.068,0.66,0.362,,,0.897,0.662,0.537,0.045,0.804,0.85,0.3,2.5
ee708f92-374e-4123-b900-e22d7b2afc19,Phi-4,phi-4,2024-12-12,6.899,0.899,0.899,ef5ce458-9986-4652-915a-e31fac5506b0,Microsoft Azure,azure,10.5,11.2,18.0,0.714,0.575,0.041,0.231,0.26,0.81,0.143,0.18,0.235,0.0,0.038,0.0,0.219,0.125,0.5
2cd04201-2b6e-47ef-853e-7601f705f2a8,Phi-4 Multimodal Instruct,phi-4-multimodal,2025-02-26,17.048,0.331,0.331,ef5ce458-9986-4652-915a-e31fac5506b0,Microsoft Azure,azure,10.0,,,0.485,0.315,0.044,0.131,0.11,0.693,0.093,,,,,,0.0,0.0,0.0
9f873c2f-2c2d-4ccb-9e1b-71bf61b052be,Phi-4 Mini Instruct,phi-4-mini,2024-02-26,44.007,0.317,0.317,ef5ce458-9986-4652-915a-e31fac5506b0,Microsoft Azure,azure,10.9,3.6,6.7,0.465,0.331,0.042,0.126,0.108,0.696,0.03,0.067,0.211,0.137,0.0,0.082,0.0,0.0,0.0
3c5289e5-1c62-434c-bc44-c51c39f640a1,LFM2.5-VL-1.6B,lfm2-5-vl-1-6b,2026-01-05,0.0,0.0,0.0,5b1886c4-43ba-4007-b840-9d21a2b7d42c,Liquid AI,liquidai,6.1,1.0,,,0.289,0.051,,0.03,,,,0.331,0.0,0.0,0.085,0.0,0.0,0.0
686ab020-ee58-4a70-a9ac-24d675a73506,LFM2 8B A1B,lfm2-8b-a1b,2025-10-07,0.0,0.0,0.0,5b1886c4-43ba-4007-b840-9d21a2b7d42c,Liquid AI,liquidai,6.8,2.3,25.3,0.505,0.344,0.049,0.151,0.068,,,0.253,0.263,0.0,0.0,0.105,0.0,0.0,0.0
739e531a-eb0a-478f-bb67-5845b79ce65d,LFM2 2.6B,lfm2-2-6b,2025-09-23,0.0,0.0,0.0,5b1886c4-43ba-4007-b840-9d21a2b7d42c,Liquid AI,liquidai,7.9,1.4,8.3,0.298,0.306,0.052,0.081,0.025,,,0.083,0.195,0.0,0.008,0.135,0.0,0.0,0.0
5a088cde-18e2-4dfa-98dd-d283e1c19654,LFM2.5-1.2B-Thinking,lfm2-5-1-2b-thinking,2026-01-20,0.0,0.0,0.0,5b1886c4-43ba-4007-b840-9d21a2b7d42c,Liquid AI,liquidai,8.1,1.4,,,0.339,0.061,,0.042,,,,0.418,0.0,0.0,0.196,0.0,0.0,0.0
48194e0f-8226-4c57-8cb2-2a0fb68a84c9,LFM2.5-1.2B-Instruct,lfm2-5-1-2b-instruct,2026-01-05,0.0,0.0,0.0,5b1886c4-43ba-4007-b840-9d21a2b7d42c,Liquid AI,liquidai,8.0,0.8,,,0.326,0.068,,0.023,,,,0.438,0.0,0.0,0.108,0.0,0.0,0.0
59a1bb20-9170-4dc2-ba9c-12d326cf068e,Solar Open 100B (Reasoning),solar-open-100b-reasoning,2025-12-17,0.0,0.0,0.0,64ff7f06-c6fb-42ea-ba24-9cd103ab2d61,Upstage,upstage,21.6,10.5,,,0.657,0.092,,0.269,,,,0.577,0.36,0.023,0.482,0.0,0.0,0.0
eb689f7a-f210-4a87-b407-f249897f2764,Solar Pro 2 (Reasoning),solar-pro-2-reasoning,2025-07-09,0.0,0.0,0.0,64ff7f06-c6fb-42ea-ba24-9cd103ab2d61,Upstage,upstage,14.9,12.1,61.3,0.805,0.687,0.07,0.616,0.302,0.967,0.69,0.613,0.371,0.0,0.03,0.281,0.0,0.0,0.0
44db6283-aa82-4799-af4a-679fe0530845,Solar Pro 2 (Non-reasoning),solar-pro-2,2025-07-09,0.0,0.0,0.0,64ff7f06-c6fb-42ea-ba24-9cd103ab2d61,Upstage,upstage,13.5,11.3,30.0,0.75,0.561,0.038,0.424,0.248,0.889,0.407,0.3,0.337,0.0,0.045,0.319,0.0,0.0,0.0
12adec16-19fe-4d92-aeff-5ef3eb7e780a,MiniMax-M2.5,minimax-m2-5,2026-02-12,53.851,2.571,39.711,a31a9071-6144-4dbb-92dc-2e02d653ecea,MiniMax,minimax,42.0,37.4,,,0.848,0.191,,0.426,,,,0.716,0.66,0.348,0.953,0.525,0.3,1.2
7393c56a-ec31-48e9-b804-c04f2d2cb641,Llama 3.1 Nemotron Instruct 70B,llama-3-1-nemotron-instruct-70b,2024-10-15,30.446,0.381,0.381,0c303112-430d-4367-a484-51defaa2e166,NVIDIA,nvidia,13.4,10.8,11.0,0.69,0.465,0.046,0.169,0.233,0.733,0.247,0.11,0.307,0.07,0.045,0.231,1.2,1.2,1.2
f1d52583-9d20-4099-99ac-b5df9430c3b6,NVIDIA Nemotron Nano 9B V2 (Reasoning),nvidia-nemotron-nano-9b-v2-reasoning,2025-08-18,113.354,0.433,18.077,0c303112-430d-4367-a484-51defaa2e166,NVIDIA,nvidia,14.8,8.3,69.7,0.742,0.57,0.046,0.724,0.22,,,0.697,0.276,0.21,0.015,0.219,0.07,0.04,0.16
1a8ba535-df18-459b-ad40-3199191296d7,Llama 3.3 Nemotron Super 49B v1 (Reasoning),llama-3-3-nemotron-super-49b-reasoning,2025-03-18,0.0,0.0,0.0,0c303112-430d-4367-a484-51defaa2e166,NVIDIA,nvidia,18.5,9.4,54.7,0.785,0.643,0.065,0.277,0.282,0.959,0.583,0.547,0.381,0.17,0.0,,0.0,0.0,0.0
6e6e02fd-9cbd-417f-9bfc-673df89c313d,NVIDIA Nemotron Nano 12B v2 VL (Reasoning),nvidia-nemotron-nano-12b-v2-vl-reasoning,2025-10-28,131.578,0.228,15.428,0c303112-430d-4367-a484-51defaa2e166,NVIDIA,nvidia,14.8,11.8,75.0,0.759,0.572,0.053,0.694,0.262,,,0.75,0.319,0.4,0.045,0.213,0.3,0.2,0.6
26c0b5df-efa7-470f-a65e-2d883329e493,Llama Nemotron Super 49B v1.5 (Non-reasoning),llama-nemotron-super-49b-v1-5,2025-07-25,67.893,0.226,0.226,0c303112-430d-4367-a484-51defaa2e166,NVIDIA,nvidia,14.5,10.5,8.0,0.692,0.481,0.043,0.29,0.238,0.77,0.137,0.08,0.329,0.22,0.038,0.251,0.175,0.1,0.4
c4c3b42f-e0f0-48ca-b6f9-b296e7697806,Llama 3.3 Nemotron Super 49B v1 (Non-reasoning),llama-3-3-nemotron-super-49b,2025-03-18,0.0,0.0,0.0,0c303112-430d-4367-a484-51defaa2e166,NVIDIA,nvidia,14.3,7.6,7.7,0.698,0.517,0.035,0.28,0.229,0.775,0.193,0.077,0.395,0.113,0.0,,0.0,0.0,0.0
ab7f016c-a29b-4710-bdf6-6a5cd96aacca,NVIDIA Nemotron Nano 12B v2 VL (Non-reasoning),nvidia-nemotron-nano-12b-v2-vl,2025-10-28,166.025,0.393,0.393,0c303112-430d-4367-a484-51defaa2e166,NVIDIA,nvidia,10.1,5.9,26.7,0.649,0.439,0.045,0.345,0.176,,,0.267,0.259,0.17,0.0,0.193,0.3,0.2,0.6
e1cfa926-9e2b-4a0d-8c31-48366a5041c5,Llama Nemotron Super 49B v1.5 (Reasoning),llama-nemotron-super-49b-v1-5-reasoning,2025-07-25,73.828,0.227,27.317,0c303112-430d-4367-a484-51defaa2e166,NVIDIA,nvidia,18.6,15.2,76.7,0.814,0.748,0.068,0.737,0.348,0.983,0.86,0.767,0.37,0.34,0.053,0.281,0.175,0.1,0.4
76dcf6ef-39ea-4be0-b693-b88da25b4caf,NVIDIA Nemotron 3 Nano 30B A3B (Reasoning),nvidia-nemotron-3-nano-30b-a3b-reasoning,2025-12-15,125.956,0.225,16.103,0c303112-430d-4367-a484-51defaa2e166,NVIDIA,nvidia,24.3,19.0,91.0,0.794,0.757,0.102,0.741,0.296,,,0.91,0.711,0.337,0.136,0.409,0.105,0.06,0.24
2e8694f9-7782-47a6-a6ba-fdce89d939c8,NVIDIA Nemotron Nano 9B V2 (Non-reasoning),nvidia-nemotron-nano-9b-v2,2025-08-18,117.655,0.56,0.56,0c303112-430d-4367-a484-51defaa2e166,NVIDIA,nvidia,13.1,7.5,62.3,0.739,0.557,0.04,0.701,0.209,,,0.623,0.271,0.227,0.008,0.234,0.102,0.06,0.23
23b379f7-18df-492a-9fc1-a56c5a5b9cfc,NVIDIA Nemotron 3 Nano 30B A3B (Non-reasoning),nvidia-nemotron-3-nano-30b-a3b,2025-12-15,125.248,0.263,0.263,0c303112-430d-4367-a484-51defaa2e166,NVIDIA,nvidia,13.3,15.8,13.3,0.579,0.399,0.046,0.36,0.23,,,0.133,0.375,0.067,0.121,0.254,0.096,0.055,0.22
cf095603-72b6-47f8-8ee1-09a42890f92a,Llama 3.1 Nemotron Ultra 253B v1 (Reasoning),llama-3-1-nemotron-ultra-253b-v1-reasoning,2025-04-07,25.46,1.492,80.047,0c303112-430d-4367-a484-51defaa2e166,NVIDIA,nvidia,15.0,13.1,63.7,0.825,0.728,0.081,0.641,0.347,0.952,0.747,0.637,0.382,0.073,0.023,0.114,0.9,0.6,1.8
b1fa84f8-1ed3-4124-b403-4655dafa4267,Llama 3.1 Nemotron Nano 4B v1.1 (Reasoning),llama-3-1-nemotron-nano-4b-reasoning,2025-05-20,0.0,0.0,0.0,0c303112-430d-4367-a484-51defaa2e166,NVIDIA,nvidia,14.4,,50.0,0.556,0.408,0.051,0.493,0.101,0.947,0.707,0.5,0.255,0.0,,0.117,0.0,0.0,0.0
ba04694d-326a-4a6a-8f1b-46316f872a7f,Kimi K2.5 (Non-reasoning),kimi-k2-5-non-reasoning,2026-01-27,36.205,1.291,1.291,0a177021-87dd-4250-9a37-f01df196bfe0,Kimi,kimi,37.2,25.8,,,0.789,0.123,,0.396,,,,0.437,0.59,0.189,0.813,1.2,0.6,3.0
a550ffca-f89e-4381-ade6-a85dc6a1fb4c,Kimi K2.5 (Reasoning),kimi-k2-5,2026-01-27,44.337,1.228,46.337,0a177021-87dd-4250-9a37-f01df196bfe0,Kimi,kimi,46.7,39.5,,,0.879,0.294,,0.49,,,,0.702,0.653,0.348,0.959,1.2,0.6,3.0
598de97d-029e-47b6-96ec-dbc1e0f9045a,Kimi Linear 48B A3B Instruct,kimi-linear-48b-a3b-instruct,2025-10-30,0.0,0.0,0.0,0a177021-87dd-4250-9a37-f01df196bfe0,Kimi,kimi,14.4,14.2,36.3,0.585,0.412,0.027,0.378,0.199,,,0.363,0.281,0.257,0.114,0.0,0.0,0.0,0.0
acad0665-9457-4531-abd5-b59efd7a89ea,Step3 VL 10B,step3-vl-10b,2026-01-20,0.0,0.0,0.0,ce2e2e8b-7a22-4020-98ec-8ef71000dd42,StepFun,stepfun,15.4,13.9,,,0.69,0.102,,0.311,,,,0.502,0.0,0.053,0.161,0.0,0.0,0.0
3ef6db79-1dfa-4780-8c4b-affe2740d9ac,Molmo2-8B,molmo2-8b,2025-12-11,114.163,0.47,0.47,ab6c5270-d7b9-4c09-92fe-62662618c631,Allen Institute for AI,ai2,,4.4,,,0.425,0.044,,0.133,,,,0.269,0.0,0.0,0.0,0.0,0.0,0.0
338216fb-62c2-48f1-898a-9166d12fb35e,Olmo 3 7B Think,olmo-3-7b-think,2025-11-20,171.327,0.603,12.277,ab6c5270-d7b9-4c09-92fe-62662618c631,Allen Institute for AI,ai2,9.5,7.6,70.7,0.655,0.516,0.057,0.617,0.212,,,0.707,0.415,0.0,0.008,0.0,0.14,0.12,0.2
94a6d26e-a903-47f3-8323-ae422d237bb9,Olmo 3.1 32B Instruct,olmo-3-1-32b-instruct,2026-01-13,42.979,0.239,0.239,ab6c5270-d7b9-4c09-92fe-62662618c631,Allen Institute for AI,ai2,12.0,5.6,,,0.539,0.049,,0.167,,,,0.392,0.0,0.0,0.213,0.3,0.2,0.6
af74f222-05c7-422d-a653-b9c0707c9c72,Molmo 7B-D,molmo-7b-d,2024-09-25,0.0,0.0,0.0,ab6c5270-d7b9-4c09-92fe-62662618c631,Allen Institute for AI,ai2,9.2,1.2,0.0,0.371,0.24,0.051,0.039,0.036,,,0.0,0.197,0.0,0.0,0.0,0.0,0.0,0.0
39b64e04-7a69-4aa2-9e2e-fe38c24681ec,Olmo 3.1 32B Think,olmo-3-1-32b-think,2025-12-12,60.656,0.667,33.64,ab6c5270-d7b9-4c09-92fe-62662618c631,Allen Institute for AI,ai2,14.2,9.8,77.3,0.763,0.591,0.06,0.695,0.293,,,0.773,0.66,0.0,0.0,0.0,0.0,0.0,0.0
8f74a6ed-f82f-4a2f-a96b-4914993e47da,Olmo 3 7B Instruct,olmo-3-7b-instruct,2025-11-20,37.573,0.48,0.48,ab6c5270-d7b9-4c09-92fe-62662618c631,Allen Institute for AI,ai2,8.1,3.4,41.3,0.522,0.4,0.058,0.266,0.103,,,0.413,0.328,0.0,0.0,0.126,0.125,0.1,0.2
1fc32894-1060-493b-af94-62bb1068555e,Granite 4.0 Micro,granite-4-0-micro,2025-09-22,0.0,0.0,0.0,512ef1e4-e02e-4532-a5f2-d11a40962498,IBM,ibm,7.7,5.0,6.0,0.447,0.336,0.051,0.18,0.119,,,0.06,0.248,0.04,0.015,0.126,0.0,0.0,0.0
a68afa0b-7fe2-4e9d-bf3e-741cce3c6aeb,Granite 4.0 H 350M,granite-4-0-h-350m,2025-10-28,0.0,0.0,0.0,512ef1e4-e02e-4532-a5f2-d11a40962498,IBM,ibm,5.3,0.6,1.3,0.127,0.257,0.064,0.019,0.017,,,0.013,0.176,0.0,0.0,0.146,0.0,0.0,0.0
a2c8e7b2-57bf-4d1e-96ea-7944d786d94d,Granite 4.0 1B,granite-4-0-nano-1b,2025-10-28,0.0,0.0,0.0,512ef1e4-e02e-4532-a5f2-d11a40962498,IBM,ibm,7.3,2.9,6.3,0.325,0.281,0.051,0.047,0.087,,,0.063,0.205,0.04,0.0,0.228,0.0,0.0,0.0
dafbb6d2-4825-43d1-a927-feedcfd2e998,Granite 4.0 H 1B,granite-4-0-h-nano-1b,2025-10-28,0.0,0.0,0.0,512ef1e4-e02e-4532-a5f2-d11a40962498,IBM,ibm,8.0,2.7,6.3,0.277,0.263,0.05,0.115,0.082,,,0.063,0.262,0.063,0.0,0.196,0.0,0.0,0.0
5dba8d07-9992-483c-81db-dac97cb15ba8,Granite 4.0 H Small,granite-4-0-h-small,2025-09-22,446.389,8.772,8.772,512ef1e4-e02e-4532-a5f2-d11a40962498,IBM,ibm,10.8,8.5,13.7,0.624,0.416,0.037,0.251,0.209,,,0.137,0.315,0.09,0.023,0.173,0.107,0.06,0.25
54c7f3fc-7078-442a-b472-e8691257a88c,Granite 4.0 350M,granite-4-0-350m,2025-10-28,0.0,0.0,0.0,512ef1e4-e02e-4532-a5f2-d11a40962498,IBM,ibm,6.6,0.3,0.0,0.124,0.261,0.057,0.024,0.009,,,0.0,0.159,0.0,0.0,0.132,0.0,0.0,0.0
dbbcf240-a69e-4078-8f16-7c94c7a8c514,Reka Flash 3,reka-flash-3,2025-03-10,48.471,1.333,42.594,4571a280-f096-486f-b220-dffc3e522b0f,Reka AI,reka-ai,9.5,8.9,33.7,0.669,0.529,0.051,0.435,0.267,0.893,0.51,0.337,0.304,0.0,0.0,0.0,0.35,0.2,0.8
235060f4-057d-4bd1-8b8e-4a92908c770e,Hermes 4 - Llama-3.1 70B (Non-reasoning),hermes-4-llama-3-1-70b,2025-08-27,11.287,1.203,1.203,0a2f41cc-2cbc-4949-be54-9fef1319d4a9,Nous Research,nous-research,12.4,9.2,11.3,0.664,0.491,0.036,0.269,0.277,,,0.113,0.29,0.02,0.0,0.216,0.198,0.13,0.4
d3968fd3-97d8-4693-8d26-19cefc6f5d5f,Hermes 4 - Llama-3.1 405B (Non-reasoning),hermes-4-llama-3-1-405b,2025-08-27,27.26,0.68,0.68,0a2f41cc-2cbc-4949-be54-9fef1319d4a9,Nous Research,nous-research,17.6,18.1,15.3,0.729,0.536,0.042,0.546,0.346,,,0.153,0.348,0.2,0.098,0.266,1.5,1.0,3.0
a8efb564-9d17-4d7f-8f43-e9110657ce21,DeepHermes 3 - Mistral 24B Preview (Non-reasoning),deephermes-3-mistral-24b-preview,2025-03-13,0.0,0.0,0.0,0a2f41cc-2cbc-4949-be54-9fef1319d4a9,Nous Research,nous-research,10.9,,,0.58,0.382,0.039,0.195,0.228,0.595,0.047,,,,,,0.0,0.0,0.0
6ba9e8eb-8124-436d-842f-dbe36df80c27,Hermes 4 - Llama-3.1 70B (Reasoning),hermes-4-llama-3-1-70b-reasoning,2025-08-27,13.196,0.677,152.236,0a2f41cc-2cbc-4949-be54-9fef1319d4a9,Nous Research,nous-research,16.0,14.4,68.7,0.811,0.699,0.079,0.653,0.341,,,0.687,0.313,0.067,0.045,0.225,0.198,0.13,0.4
82b207dd-d285-4a52-b2fc-2cbd27543899,Hermes 4 - Llama-3.1 405B (Reasoning),hermes-4-llama-3-1-405b-reasoning,2025-08-27,9.855,9.77,212.716,0a2f41cc-2cbc-4949-be54-9fef1319d4a9,Nous Research,nous-research,18.6,16.0,69.7,0.829,0.727,0.103,0.686,0.252,,,0.697,0.327,0.207,0.114,0.222,1.5,1.0,3.0
b7726745-9c77-40c3-8452-974cb53d6fbc,DeepHermes 3 - Llama-3.1 8B Preview (Non-reasoning),deephermes-3-llama-3-1-8b-preview,2025-02-13,0.0,0.0,0.0,0a2f41cc-2cbc-4949-be54-9fef1319d4a9,Nous Research,nous-research,7.6,,,0.365,0.27,0.043,0.085,0.091,0.218,0.0,,,,,,0.0,0.0,0.0
d734e2ce-5cf8-467f-8148-586d02671333,Exaone 4.0 1.2B (Reasoning),exaone-4-0-1-2b-reasoning,2025-07-15,0.0,0.0,0.0,45157c16-fcbb-4110-b20f-7bca754b6554,LG AI Research,lg,8.3,3.1,50.3,0.588,0.515,0.058,0.516,0.093,,,0.503,0.23,0.0,0.0,0.164,0.0,0.0,0.0
44b19b51-5367-4ef9-a2ff-2f90b89a0867,EXAONE 4.0 32B (Reasoning),exaone-4-0-32b-reasoning,2025-07-15,96.415,0.389,21.133,45157c16-fcbb-4110-b20f-7bca754b6554,LG AI Research,lg,16.6,14.0,80.0,0.818,0.739,0.105,0.747,0.344,0.977,0.843,0.8,0.363,0.14,0.038,0.173,0.7,0.6,1.0
715e05fb-1313-441c-bf1d-8651c752a841,K-EXAONE (Reasoning),k-exaone,2025-12-31,0.0,0.0,0.0,45157c16-fcbb-4110-b20f-7bca754b6554,LG AI Research,lg,32.1,27.0,90.3,0.838,0.783,0.131,0.768,0.356,,,0.903,0.647,0.557,0.227,0.743,0.0,0.0,0.0
9cc377dc-67ae-4042-bafc-0466b5f05089,K-EXAONE (Non-reasoning),k-exaone-non-reasoning,2025-12-31,0.0,0.0,0.0,45157c16-fcbb-4110-b20f-7bca754b6554,LG AI Research,lg,23.0,13.5,44.0,0.81,0.695,0.054,,0.27,,,0.44,0.396,0.47,0.068,0.591,0.0,0.0,0.0
8273650d-40e5-45ee-aeda-df71de784164,Exaone 4.0 1.2B (Non-reasoning),exaone-4-0-1-2b,2025-07-15,0.0,0.0,0.0,45157c16-fcbb-4110-b20f-7bca754b6554,LG AI Research,lg,8.1,2.5,24.0,0.5,0.424,0.058,0.293,0.074,,,0.24,0.253,0.0,0.0,0.205,0.0,0.0,0.0
2f60d80d-c3d3-4a43-bded-0557898c4618,EXAONE 4.0 32B (Non-reasoning),exaone-4-0-32b,2025-07-15,89.881,0.365,0.365,45157c16-fcbb-4110-b20f-7bca754b6554,LG AI Research,lg,11.5,9.4,39.3,0.768,0.628,0.049,0.472,0.252,0.939,0.47,0.393,0.335,0.08,0.015,0.041,0.7,0.6,1.0
82b36b4d-84dd-4bc0-ad32-e3aee9442789,MiMo-V2-Flash (Non-reasoning),mimo-v2-flash,2025-12-16,147.113,1.179,1.179,5147c8b4-61d5-4070-9324-8adf8aa144c2,Xiaomi,xiaomi,30.6,25.8,67.7,0.744,0.656,0.08,0.402,0.259,,,0.677,0.399,0.313,0.258,0.839,0.15,0.1,0.3
1479f50b-d37f-4b55-bb8b-4212a15042eb,MiMo-V2-Flash (Feb 2026),mimo-v2-0206,2025-12-16,166.607,1.216,13.221,5147c8b4-61d5-4070-9324-8adf8aa144c2,Xiaomi,xiaomi,41.4,33.5,,,0.835,0.2,,0.383,,,,0.718,0.643,0.311,0.933,0.15,0.1,0.3
a518a64b-e337-48f3-85a1-ba7dc0e8f961,ERNIE 5.0 Thinking Preview,ernie-5-0-thinking-preview,2025-11-13,0.0,0.0,0.0,bfb6e769-2456-4027-a6da-e9e05b627a21,Baidu,baidu,29.1,29.2,85.0,0.83,0.777,0.127,0.812,0.375,,,0.85,0.414,0.067,0.25,0.839,0.0,0.0,0.0
ae4fe623-80ab-4ea3-8921-70a18ea0fc7e,ERNIE 4.5 300B A47B,ernie-4-5-300b-a47b,2025-06-30,17.791,1.932,1.932,bfb6e769-2456-4027-a6da-e9e05b627a21,Baidu,baidu,14.9,14.5,41.3,0.776,0.811,0.035,0.467,0.315,0.931,0.493,0.413,0.391,0.023,0.061,0.0,0.485,0.28,1.1
ea5d2c10-1051-437d-95c2-18d5e4d14ff3,Cogito v2.1 (Reasoning),cogito-v2-1-reasoning,2025-11-18,72.818,0.34,27.805,e92cc1e2-153b-4f0a-ac19-c376aaa7c878,Deep Cogito,deepcogito,,24.8,72.7,0.849,0.768,0.11,0.688,0.41,,,0.727,0.463,0.217,0.167,,1.25,1.25,1.25
fe11ab6c-a4dd-4c28-9fef-07da76d5ed14,Llama 65B,llama-65b,2023-02-24,0.0,0.0,0.0,e1694725-0192-4e54-b1b8-c97e816c6cbe,Meta,meta,4.0,,,,,,,,,,,,,,,0.0,0.0,0.0
fb112343-c82c-4b43-afea-996bd5101d62,KAT-Coder-Pro V1,kat-coder-pro-v1,2025-11-11,58.409,2.109,2.109,2703c169-86d9-406b-8be1-ae5be8177f3c,KwaiKAT,kwaikat,36.1,18.3,94.7,0.813,0.764,0.334,0.747,0.366,,,0.947,0.684,0.74,0.091,0.886,0.525,0.3,1.2
369329e4-629f-425d-975a-e8980aec2965,INTELLECT-3,intellect-3,2025-11-27,63.474,0.819,32.328,386c82f9-9669-4467-b13e-fed5bede9002,Prime Intellect,prime-intellect,22.1,19.1,88.0,0.822,0.761,0.121,0.777,0.391,,,0.88,0.34,0.323,0.091,0.266,0.425,0.2,1.1
666eb13f-0d22-4438-8eb0-01876e1a8604,Motif-2-12.7B-Reasoning,motif-2-12-7b,2025-12-04,0.0,0.0,0.0,366bf3fc-4436-4baf-8d8f-acb7ec04d342,Motif Technologies,motif-technologies,19.1,11.9,80.3,0.796,0.695,0.082,0.651,0.282,,,0.803,0.57,0.13,0.038,0.465,0.0,0.0,0.0
5a49ef80-3af5-404b-8ac0-e1b230ae95de,K2 Think V2,k2-think-v2,2025-12-15,0.0,0.0,0.0,8b8b84fb-4b24-45be-b9e2-74ed50d00ff7,MBZUAI Institute of Foundation Models,mbzuai,24.5,15.5,,,0.713,0.095,,0.33,,,,0.628,0.527,0.068,0.254,0.0,0.0,0.0
a38d719a-709c-4983-b3e7-7090389ae9a6,K2-V2 (high),k2-v2,2025-12-05,0.0,0.0,0.0,8b8b84fb-4b24-45be-b9e2-74ed50d00ff7,MBZUAI Institute of Foundation Models,mbzuai,20.7,16.1,78.3,0.786,0.681,0.098,0.694,0.286,,,0.783,0.601,0.333,0.098,0.278,0.0,0.0,0.0
dd738be7-2b69-4775-91a5-8851d3341c2d,K2-V2 (medium),k2-v2-medium,2025-12-05,0.0,0.0,0.0,8b8b84fb-4b24-45be-b9e2-74ed50d00ff7,MBZUAI Institute of Foundation Models,mbzuai,18.7,14.0,64.7,0.761,0.598,0.044,0.541,0.252,,,0.647,0.551,0.28,0.083,0.249,0.0,0.0,0.0
dae31abc-0587-44d0-ba53-f78e96b6e486,K2-V2 (low),k2-v2-low,2025-12-05,0.0,0.0,0.0,8b8b84fb-4b24-45be-b9e2-74ed50d00ff7,MBZUAI Institute of Foundation Models,mbzuai,14.4,10.5,35.3,0.713,0.541,0.039,0.393,0.223,,,0.353,0.41,0.19,0.045,0.208,0.0,0.0,0.0
e0099b99-d368-4562-b0de-4016ea58af54,Mi:dm K 2.5 Pro Preview,midm-250-pro-rsnsft,2025-12-11,0.0,0.0,0.0,d5913d27-143c-48be-96b0-8d534047cb5c,Korea Telecom,korea-telecom,,11.9,78.7,0.813,0.722,0.088,0.576,0.297,,,0.787,0.456,0.11,0.03,0.494,0.0,0.0,0.0
df4c5a29-4b5c-4fef-9f7f-5e24e118ab65,Mi:dm K 2.5 Pro,mi-dm-k-2-5-pro-dec28,2025-12-11,0.0,0.0,0.0,d5913d27-143c-48be-96b0-8d534047cb5c,Korea Telecom,korea-telecom,23.0,12.6,76.7,0.809,0.701,0.077,0.656,0.332,,,0.767,0.493,0.09,0.023,0.865,0.0,0.0,0.0
339a92c1-8a42-417f-8d1f-cdbc605acd9e,HyperCLOVA X SEED Think (32B),hyperclova-x-seed-think-32b,2025-12-26,0.0,0.0,0.0,6da63157-6fed-41df-8761-62c519ebd6ab,Naver,naver,23.7,17.5,59.0,0.785,0.615,0.055,0.629,0.284,,,0.59,0.379,0.117,0.121,0.874,0.0,0.0,0.0
5d891609-fe1c-4e8d-b9f0-5b0ff6d9f439,Tri-21B-Think,tri-21b-think-v0-5,2026-02-10,0.0,0.0,0.0,75f52ad3-a524-4b44-a734-cf1f388b0b03,Trillion Labs,trillionlabs,18.6,6.3,,,0.601,0.061,,0.174,,,,0.546,0.11,0.008,0.81,0.0,0.0,0.0
60cff809-05fb-4439-afe7-8b1476439f49,Tri-21B-think Preview,tri-21b-think-preview,2026-02-10,0.0,0.0,0.0,75f52ad3-a524-4b44-a734-cf1f388b0b03,Trillion Labs,trillionlabs,20.5,7.4,,,0.538,0.057,,0.178,,,,0.471,0.147,0.023,0.933,0.0,0.0,0.0
c8673741-5e1a-46a1-9e4f-710a5c920982,GLM-4.7-Flash (Non-reasoning),glm-4-7-flash-non-reasoning,2026-01-19,100.374,0.768,0.768,67437eb6-7dc1-4e93-befd-22c8b8ec2065,Z AI,zai,21.5,11.0,,,0.452,0.049,,0.255,,,,0.463,0.147,0.038,0.918,0.152,0.07,0.4
2c4394a2-b443-470a-908e-5c4a271b780c,GLM-4.7-Flash (Reasoning),glm-4-7-flash,2026-01-19,55.389,0.715,36.823,67437eb6-7dc1-4e93-befd-22c8b8ec2065,Z AI,zai,30.1,25.9,,,0.581,0.071,,0.337,,,,0.608,0.35,0.22,0.988,0.149,0.065,0.4
f164b41f-44c5-4675-bca3-fea1db4bd9ae,GLM-5 (Non-reasoning),glm-5-non-reasoning,2026-02-11,39.133,3.268,3.268,67437eb6-7dc1-4e93-befd-22c8b8ec2065,Z AI,zai,40.5,39.0,,,0.666,0.072,,0.383,,,,0.552,0.37,0.394,0.974,1.55,1.0,3.2
d2d7dd95-770f-4cb0-9bbc-d275ac19c265,GLM-4.6V (Reasoning),glm-4-6v-reasoning,2025-12-08,74.466,0.684,27.542,67437eb6-7dc1-4e93-befd-22c8b8ec2065,Z AI,zai,23.5,19.7,85.3,0.799,0.719,0.089,0.16,0.304,,,0.853,0.301,0.403,0.144,0.316,0.45,0.3,0.9
40663ad2-b218-471e-bdd4-a1e0c2360e2b,GLM-5 (Reasoning),glm-5,2026-02-11,67.529,1.379,30.995,67437eb6-7dc1-4e93-befd-22c8b8ec2065,Z AI,zai,49.6,44.2,,,0.82,0.272,,0.462,,,,0.723,0.633,0.432,0.982,1.55,1.0,3.2
43098bd0-77ca-408b-b698-9d60b1d1c3b8,GLM-4.6V (Non-reasoning),glm-4-6v,2025-12-08,44.926,0.971,0.971,67437eb6-7dc1-4e93-befd-22c8b8ec2065,Z AI,zai,17.1,11.1,26.3,0.752,0.566,0.037,0.411,0.272,,,0.263,0.279,0.123,0.03,0.307,0.45,0.3,0.9
3bc32f13-5afa-4e28-bce1-10e57376686b,Command A,command-a,2025-03-13,52.731,0.332,0.332,671d3708-c407-4b8f-b350-f728e4689d26,Cohere,cohere,13.4,9.9,13.0,0.712,0.527,0.046,0.287,0.281,0.819,0.097,0.13,0.365,0.18,0.008,0.152,4.375,2.5,10.0
81444bc8-72f9-4a2d-ad43-27e3f0d2f461,Tiny Aya Global,tiny-aya-global,2026-02-17,0.0,0.0,0.0,671d3708-c407-4b8f-b350-f728e4689d26,Cohere,cohere,4.7,1.2,,,0.305,0.052,,0.036,,,,0.201,0.0,0.0,0.0,0.0,0.0,0.0
a71c1a35-ccc8-43f0-a5a2-070a690b9a00,Apriel-v1.6-15B-Thinker,apriel-v1-6-15b-thinker,2025-11-25,97.913,0.234,20.661,7cc4f2b0-7e34-4459-82fd-667e93ca7f17,ServiceNow,servicenow,27.5,22.0,88.0,0.79,0.733,0.098,0.807,0.373,,,0.88,0.691,0.503,0.144,0.693,0.0,0.0,0.0
f78138d6-2e04-4a84-919a-20d177cb6ff1,Jamba Reasoning 3B,jamba-reasoning-3b,2025-10-08,0.0,0.0,0.0,6216c686-bc60-4dbb-9f25-83e9dba803d1,AI21 Labs,ai21-labs,10.3,2.5,10.7,0.577,0.333,0.046,0.21,0.059,,,0.107,0.524,0.07,0.008,0.158,0.0,0.0,0.0
b4f14013-37dd-4c75-bd8a-378365d9ed77,Jamba 1.7 Mini,jamba-1-7-mini,2025-07-07,0.0,0.0,0.0,6216c686-bc60-4dbb-9f25-83e9dba803d1,AI21 Labs,ai21-labs,7.3,3.1,0.3,0.388,0.322,0.045,0.061,0.093,0.258,0.013,0.003,0.314,0.127,0.0,0.126,0.25,0.2,0.4
78452c64-7303-4192-bca5-2d9ec5c623d4,Jamba 1.7 Large,jamba-1-7-large,2025-07-07,51.632,0.743,0.743,6216c686-bc60-4dbb-9f25-83e9dba803d1,AI21 Labs,ai21-labs,9.3,7.8,2.3,0.577,0.39,0.038,0.181,0.188,0.6,0.057,0.023,0.352,0.173,0.023,0.135,3.5,2.0,8.0
f5d83128-047f-496d-ba49-8a428abe8345,Qwen3 VL 4B Instruct,qwen3-vl-4b-instruct,2025-10-14,0.0,0.0,0.0,d874d370-74d3-4fa0-ba00-5272f92f946b,Alibaba,alibaba,9.5,4.5,37.0,0.634,0.371,0.037,0.29,0.137,,,0.37,0.318,0.13,0.0,0.234,0.0,0.0,0.0
0e66bae9-41f1-42fc-9276-ce8cb6f72919,Qwen3.5 397B A17B (Reasoning),qwen3-5-397b-a17b,2026-02-16,62.882,1.317,33.122,d874d370-74d3-4fa0-ba00-5272f92f946b,Alibaba,alibaba,45.0,41.3,,,0.893,0.273,,0.42,,,,0.788,0.657,0.409,0.956,1.35,0.6,3.6
7ec1065a-c90e-41e4-bd17-abb7042eed76,Qwen3 30B A3B 2507 Instruct,qwen3-30b-a3b-2507,2025-07-29,69.409,0.996,0.996,d874d370-74d3-4fa0-ba00-5272f92f946b,Alibaba,alibaba,15.0,14.2,66.3,0.777,0.659,0.068,0.515,0.304,0.975,0.727,0.663,0.331,0.227,0.061,0.102,0.35,0.2,0.8
5e0164b3-d902-4bcb-a1b2-83b4f4cd6143,Qwen3 30B A3B 2507 (Reasoning),qwen3-30b-a3b-2507-reasoning,2025-07-30,144.261,1.021,14.885,d874d370-74d3-4fa0-ba00-5272f92f946b,Alibaba,alibaba,22.4,14.7,56.3,0.805,0.707,0.098,0.707,0.333,0.976,0.907,0.563,0.507,0.59,0.053,0.281,0.75,0.2,2.4
2698f6c6-e436-47ce-a583-dbc25596c571,Qwen3 Next 80B A3B Instruct,qwen3-next-80b-a3b-instruct,2025-09-11,139.542,1.104,1.104,d874d370-74d3-4fa0-ba00-5272f92f946b,Alibaba,alibaba,20.1,15.3,66.3,0.819,0.738,0.073,0.684,0.307,,,0.663,0.397,0.513,0.076,0.216,0.875,0.5,2.0
f6ccbe1d-bd7e-484b-9795-18cc9f91552d,Qwen3 235B A22B 2507 (Reasoning),qwen3-235b-a22b-instruct-2507-reasoning,2025-07-25,40.443,1.295,50.747,d874d370-74d3-4fa0-ba00-5272f92f946b,Alibaba,alibaba,29.5,23.2,91.0,0.843,0.79,0.15,0.788,0.424,0.984,0.94,0.91,0.512,0.67,0.136,0.532,2.625,0.7,8.4
fc92f822-04b7-420d-9c07-a21af5e9aac7,Qwen3 Coder Next,qwen3-coder-next,2026-02-03,116.727,0.769,0.769,d874d370-74d3-4fa0-ba00-5272f92f946b,Alibaba,alibaba,28.1,22.9,,,0.737,0.093,,0.323,,,,0.352,0.4,0.182,0.795,0.525,0.2,1.2
b97ef678-2d31-4375-9416-67ea97f87204,Qwen3 Omni 30B A3B (Reasoning),qwen3-omni-30b-a3b-reasoning,2025-09-22,93.965,0.986,22.27,d874d370-74d3-4fa0-ba00-5272f92f946b,Alibaba,alibaba,15.6,12.7,74.0,0.792,0.726,0.073,0.679,0.306,,,0.74,0.434,0.0,0.038,0.213,0.43,0.25,0.97
0b226b82-1462-4860-bf1a-f8aed7024791,Qwen3 Omni 30B A3B Instruct,qwen3-omni-30b-a3b-instruct,2025-09-22,86.58,0.849,0.849,d874d370-74d3-4fa0-ba00-5272f92f946b,Alibaba,alibaba,10.7,7.2,52.3,0.725,0.62,0.051,0.422,0.186,,,0.523,0.312,0.0,0.015,0.164,0.43,0.25,0.97
3cf875b8-b6b5-42c0-ad70-617d5be59d00,Qwen3 VL 8B Instruct,qwen3-vl-8b-instruct,2025-10-14,117.245,0.953,0.953,d874d370-74d3-4fa0-ba00-5272f92f946b,Alibaba,alibaba,14.3,7.3,27.3,0.686,0.427,0.029,0.332,0.174,,,0.273,0.323,0.153,0.023,0.292,0.31,0.18,0.7
093883ed-f5fc-443b-8e18-afbfb166699e,Qwen3 Coder 480B A35B Instruct,qwen3-coder-480b-a35b-instruct,2025-07-22,57.928,1.593,1.593,d874d370-74d3-4fa0-ba00-5272f92f946b,Alibaba,alibaba,24.6,24.6,39.3,0.788,0.618,0.044,0.585,0.359,0.942,0.477,0.393,0.405,0.423,0.189,0.436,3.0,1.5,7.5
da9fe224-8af3-46d7-a8c4-6220779c3f35,Qwen3 Coder 30B A3B Instruct,qwen3-coder-30b-a3b-instruct,2025-07-31,21.215,1.348,1.348,d874d370-74d3-4fa0-ba00-5272f92f946b,Alibaba,alibaba,20.0,19.4,29.0,0.706,0.516,0.04,0.403,0.278,0.893,0.297,0.29,0.327,0.29,0.152,0.345,0.9,0.45,2.25
6da314d3-a984-4734-8f31-47dd32fb4699,Qwen3 VL 32B Instruct,qwen3-vl-32b-instruct,2025-10-21,66.308,0.963,0.963,d874d370-74d3-4fa0-ba00-5272f92f946b,Alibaba,alibaba,17.2,15.6,68.3,0.791,0.671,0.063,0.514,0.301,,,0.683,0.392,0.313,0.083,0.292,1.225,0.7,2.8
3373245b-e6dc-4b66-a7b0-3f06f9b7bd46,Qwen3 235B A22B 2507 Instruct,qwen3-235b-a22b-instruct-2507,2025-07-21,45.771,1.038,1.038,d874d370-74d3-4fa0-ba00-5272f92f946b,Alibaba,alibaba,24.7,22.1,71.7,0.828,0.753,0.106,0.524,0.36,0.98,0.717,0.717,0.461,0.312,0.152,0.333,1.225,0.7,2.8
ce3d286e-093d-413d-a81a-0270309f039e,Qwen3 VL 30B A3B (Reasoning),qwen3-vl-30b-a3b-reasoning,2025-10-03,87.041,0.922,23.899,d874d370-74d3-4fa0-ba00-5272f92f946b,Alibaba,alibaba,19.6,13.1,82.3,0.807,0.72,0.087,0.697,0.288,,,0.823,0.451,0.407,0.053,0.199,0.75,0.2,2.4
d58cf573-1bd3-4d1f-9182-5482a460f570,Qwen3 VL 235B A22B Instruct,qwen3-vl-235b-a22b-instruct,2025-09-23,45.73,1.166,1.166,d874d370-74d3-4fa0-ba00-5272f92f946b,Alibaba,alibaba,20.6,16.5,70.7,0.823,0.712,0.063,0.594,0.359,,,0.707,0.427,0.317,0.068,0.351,1.225,0.7,2.8
a803d3d0-d22e-49a0-ac2c-b9c6f1141065,Qwen3 VL 235B A22B (Reasoning),qwen3-vl-235b-a22b-reasoning,2025-09-23,45.965,1.077,44.588,d874d370-74d3-4fa0-ba00-5272f92f946b,Alibaba,alibaba,27.5,20.9,88.3,0.836,0.772,0.101,0.646,0.399,,,0.883,0.565,0.587,0.114,0.541,2.625,0.7,8.4
7ae943a9-9310-4472-a834-c61f0ab68485,Qwen3 Max,qwen3-max,2025-09-23,27.429,2.483,2.483,d874d370-74d3-4fa0-ba00-5272f92f946b,Alibaba,alibaba,31.3,26.4,80.7,0.841,0.764,0.111,0.767,0.383,,,0.807,0.441,0.467,0.205,0.743,2.4,1.2,6.0
c8a79180-7d16-4474-8701-9a77c0baa56a,Qwen3 Next 80B A3B (Reasoning),qwen3-next-80b-a3b-reasoning,2025-09-11,143.649,1.024,14.947,d874d370-74d3-4fa0-ba00-5272f92f946b,Alibaba,alibaba,26.5,19.5,84.3,0.824,0.759,0.117,0.784,0.388,,,0.843,0.607,0.603,0.098,0.415,1.875,0.5,6.0
0e5f6140-1154-4583-a3e0-8c032a338892,Qwen3 0.6B (Non-reasoning),qwen3-0.6b-instruct,2025-04-28,189.252,0.817,0.817,d874d370-74d3-4fa0-ba00-5272f92f946b,Alibaba,alibaba,5.6,1.4,10.3,0.231,0.231,0.052,0.073,0.041,0.521,0.017,0.103,0.219,0.0,0.0,0.146,0.188,0.11,0.42
c43aa1f9-31bd-4a99-be70-84c5e6bd2e75,Qwen Chat 14B,qwen-chat-14b,2023-09-25,0.0,0.0,0.0,d874d370-74d3-4fa0-ba00-5272f92f946b,Alibaba,alibaba,7.4,,,,,,,,,,,,,,,0.0,0.0,0.0
30ef2a79-e800-4165-9f13-2a338f120db7,Qwen3.5 397B A17B (Non-reasoning),qwen3-5-397b-a17b-non-reasoning,2026-02-16,80.771,1.331,1.331,d874d370-74d3-4fa0-ba00-5272f92f946b,Alibaba,alibaba,39.9,37.4,,,0.861,0.188,,0.411,,,,0.516,0.58,0.356,0.839,1.35,0.6,3.6
51d0b717-953d-4b44-af61-406c6b7dff39,Qwen3 VL 30B A3B Instruct,qwen3-vl-30b-a3b-instruct,2025-10-03,106.414,0.92,0.92,d874d370-74d3-4fa0-ba00-5272f92f946b,Alibaba,alibaba,16.0,14.3,72.3,0.764,0.695,0.064,0.476,0.308,,,0.723,0.331,0.237,0.061,0.19,0.35,0.2,0.8
f93d0750-b659-4ceb-a123-7e657904ef2b,Qwen3 VL 4B (Reasoning),qwen3-vl-4b-reasoning,2025-10-14,0.0,0.0,0.0,d874d370-74d3-4fa0-ba00-5272f92f946b,Alibaba,alibaba,13.7,6.7,25.7,0.7,0.494,0.044,0.32,0.171,,,0.257,0.366,0.213,0.015,0.155,0.0,0.0,0.0
dec8073c-57e2-41c0-b1aa-7a62960f103f,Qwen3 VL 8B (Reasoning),qwen3-vl-8b-reasoning,2025-10-14,123.184,1.0,17.236,d874d370-74d3-4fa0-ba00-5272f92f946b,Alibaba,alibaba,16.6,9.8,30.7,0.749,0.579,0.033,0.353,0.219,,,0.307,0.399,0.31,0.038,0.225,0.66,0.18,2.1
d370fcbf-c4a1-41a2-abc4-d204fcc3fcbf,Qwen3 VL 32B (Reasoning),qwen3-vl-32b-reasoning,2025-10-21,84.311,1.186,24.907,d874d370-74d3-4fa0-ba00-5272f92f946b,Alibaba,alibaba,24.5,14.5,84.7,0.818,0.733,0.096,0.738,0.285,,,0.847,0.594,0.553,0.076,0.456,2.625,0.7,8.4
b0249961-b8b2-479d-8325-a29ea17c7b89,Qwen3 4B 2507 Instruct,qwen3-4b-2507-instruct,2025-08-06,0.0,0.0,0.0,d874d370-74d3-4fa0-ba00-5272f92f946b,Alibaba,alibaba,13.2,9.1,52.3,0.672,0.517,0.047,0.377,0.181,,,0.523,0.335,0.073,0.045,0.266,0.0,0.0,0.0
4ae6c88d-9e4a-4850-89fe-18a1c04a66cc,Qwen3 0.6B (Reasoning),qwen3-0.6b-instruct-reasoning,2025-04-28,200.623,0.893,10.862,d874d370-74d3-4fa0-ba00-5272f92f946b,Alibaba,alibaba,6.4,0.9,18.0,0.347,0.239,0.057,0.121,0.028,0.75,0.1,0.18,0.233,0.0,0.0,0.211,0.398,0.11,1.26
5962d643-0a6f-4630-bb08-ab5720d80056,Qwen3 1.7B (Reasoning),qwen3-1.7b-instruct-reasoning,2025-04-28,123.708,0.954,17.121,d874d370-74d3-4fa0-ba00-5272f92f946b,Alibaba,alibaba,7.9,1.4,38.7,0.57,0.356,0.048,0.308,0.043,0.894,0.51,0.387,0.269,0.0,0.0,0.26,0.398,0.11,1.26
806032ff-6252-4c22-ba99-a126e411b7a4,Qwen3 Max Thinking,qwen3-max-thinking,2026-01-26,35.691,1.679,57.715,d874d370-74d3-4fa0-ba00-5272f92f946b,Alibaba,alibaba,39.7,30.5,,,0.861,0.262,,0.431,,,,0.707,0.66,0.242,0.836,2.4,1.2,6.0
cbac8c35-e069-4c73-823e-0953e6ed0e85,Qwen3 Max Thinking (Preview),qwen3-max-thinking-preview,2025-11-03,59.286,1.652,35.386,d874d370-74d3-4fa0-ba00-5272f92f946b,Alibaba,alibaba,32.5,24.5,82.3,0.824,0.776,0.12,0.535,0.387,,,0.823,0.538,0.577,0.174,0.836,2.4,1.2,6.0
2bb84433-f38e-4edc-9b65-4d7b1f473db9,Qwen3 1.7B (Non-reasoning),qwen3-1.7b-instruct,2025-04-28,113.796,0.916,0.916,d874d370-74d3-4fa0-ba00-5272f92f946b,Alibaba,alibaba,6.8,2.3,7.3,0.411,0.283,0.052,0.126,0.069,0.717,0.097,0.073,0.211,0.0,0.0,0.216,0.188,0.11,0.42
2aacdc07-5f4e-4ab9-8ea5-5f7ab93f9eeb,Qwen3 4B 2507 (Reasoning),qwen3-4b-2507-instruct-reasoning,2025-08-06,0.0,0.0,0.0,d874d370-74d3-4fa0-ba00-5272f92f946b,Alibaba,alibaba,18.6,9.5,82.7,0.743,0.667,0.059,0.641,0.256,,,0.827,0.498,0.377,0.015,0.254,0.0,0.0,0.0
882a5da3-94ca-4602-8693-c45970df17e2,Ling-flash-2.0,ling-flash-2-0,2025-09-17,57.419,1.445,1.445,4df238a9-d4fd-4cf2-ab1e-d12956c41f9b,InclusionAI,inclusionai,15.5,16.7,65.3,0.777,0.657,0.063,0.589,0.289,,,0.653,0.344,0.15,0.106,0.208,0.247,0.14,0.57
47b7df55-5804-40de-ba11-317de786710a,Ring-flash-2.0,ring-flash-2-0,2025-09-19,79.745,1.367,26.447,4df238a9-d4fd-4cf2-ab1e-d12956c41f9b,InclusionAI,inclusionai,14.0,10.6,83.7,0.793,0.725,0.089,0.628,0.168,,,0.837,0.433,0.21,0.076,0.0,0.247,0.14,0.57
15b56b8e-7b93-4ed9-ac06-75c922e3b86e,Ling-1T,ling-1t,2025-10-08,0.0,0.0,0.0,4df238a9-d4fd-4cf2-ab1e-d12956c41f9b,InclusionAI,inclusionai,19.0,18.8,71.3,0.822,0.719,0.072,0.677,0.352,,,0.713,0.348,0.347,0.106,0.327,0.0,0.0,0.0
a29e66d6-1c3c-456a-8770-59ee3845b35d,Ring-1T,ring-1t,2025-10-13,0.0,0.0,0.0,4df238a9-d4fd-4cf2-ab1e-d12956c41f9b,InclusionAI,inclusionai,22.5,16.8,89.3,0.806,0.774,0.102,0.643,0.367,,,0.893,0.446,0.457,0.068,0.263,0.0,0.0,0.0
3d64bf83-232e-427e-8590-26b478bae4a8,Ling-mini-2.0,ling-mini-2-0,2025-09-09,148.829,1.406,1.406,4df238a9-d4fd-4cf2-ab1e-d12956c41f9b,InclusionAI,inclusionai,8.9,5.0,49.3,0.671,0.562,0.05,0.429,0.135,,,0.493,0.236,0.067,0.008,0.132,0.122,0.07,0.28
cce39b67-f2bf-4744-96dc-0b6b8906d05c,Doubao Seed 2.0 lite (Reasoning),doubao-seed-2-0-lite,2026-02-15,0.0,0.0,0.0,2354746c-4775-4a06-b64d-0ba4137785b8,ByteDance Seed,bytedance_seed,36.3,21.4,,,0.656,0.22,,0.247,,,,0.612,0.613,0.197,0.971,0.0,0.0,0.0
4d6dd5ce-08cb-4e87-9288-1dd2f022aa35,Doubao Seed Code,doubao-seed-code,2025-11-11,0.0,0.0,0.0,2354746c-4775-4a06-b64d-0ba4137785b8,ByteDance Seed,bytedance_seed,33.5,31.3,79.3,0.854,0.764,0.133,0.766,0.407,,,0.793,0.514,0.653,0.265,0.582,0.0,0.0,0.0
5ad2f60f-ee05-49fd-85a0-cef69aa7cb7b,o1,o1,2024-12-05,180.326,18.301,18.301,e67e56e3-15cd-43db-b679-da4660a69f41,OpenAI,openai,30.7,20.5,,0.841,0.747,0.077,0.679,0.358,0.97,0.723,,0.703,0.593,0.129,0.626,26.25,15.0,60.0
078f4dc8-5350-40a2-a5ea-e8359f795b70,o1-preview,o1-preview,2024-09-12,0.0,0.0,0.0,e67e56e3-15cd-43db-b679-da4660a69f41,OpenAI,openai,23.7,34.0,,,,,,,0.924,,,,,,,28.875,16.5,66.0
b515503d-4d65-4a3f-8a4a-6c731e2b079f,o1-mini,o1-mini,2024-09-12,0.0,0.0,0.0,e67e56e3-15cd-43db-b679-da4660a69f41,OpenAI,openai,20.4,,,0.742,0.603,0.049,0.576,0.323,0.944,0.603,,,,,,0.0,0.0,0.0
8c1be908-67b6-4cf4-ba08-83ddbe44fde3,GPT-4o (Aug '24),gpt-4o-2024-08-06,2024-08-06,127.51,0.462,0.462,e67e56e3-15cd-43db-b679-da4660a69f41,OpenAI,openai,18.8,16.6,,,0.521,0.029,0.317,0.331,0.795,0.117,,0.36,0.35,0.083,0.289,4.375,2.5,10.0
e98e911e-9fb2-4a9a-826e-3d681d0cdca8,GPT-4o (May '24),gpt-4o-2024-05-13,2024-05-13,148.383,0.53,0.53,e67e56e3-15cd-43db-b679-da4660a69f41,OpenAI,openai,16.0,24.2,,0.74,0.526,0.028,0.334,0.309,0.791,0.11,,,,,,7.5,5.0,15.0
76aa6af5-fdc6-4739-a300-983f14e74a67,GPT-4 Turbo,gpt-4-turbo,2023-11-06,27.39,1.242,1.242,e67e56e3-15cd-43db-b679-da4660a69f41,OpenAI,openai,13.7,21.5,,0.694,,0.033,0.291,0.319,0.737,0.15,,,,,,15.0,10.0,30.0
c1045dc0-4fd3-4adb-9548-18763e0d051f,GPT-4o (Nov '24),gpt-4o,2024-11-20,170.671,0.485,0.485,e67e56e3-15cd-43db-b679-da4660a69f41,OpenAI,openai,17.3,16.7,6.0,0.748,0.543,0.033,0.309,0.333,0.759,0.15,0.06,0.343,0.0,0.083,0.251,4.375,2.5,10.0
b5c1c91a-7474-4409-9a9c-9c2ac45d9eb6,GPT-4o mini,gpt-4o-mini,2024-07-18,54.026,0.456,0.456,e67e56e3-15cd-43db-b679-da4660a69f41,OpenAI,openai,12.6,,14.7,0.648,0.426,0.04,0.234,0.229,0.789,0.117,0.147,0.31,,,,0.263,0.15,0.6
037dec2f-51e8-4127-a1f1-85155dae7a1d,GPT-3.5 Turbo,gpt-35-turbo,2022-11-30,96.541,0.37,0.37,e67e56e3-15cd-43db-b679-da4660a69f41,OpenAI,openai,9.0,10.7,,0.462,0.297,,,,0.441,,,,,,,0.75,0.5,1.5
3b608b70-6434-4baa-99ad-45d499703c67,GPT-4.1,gpt-4-1,2025-04-14,122.793,0.53,0.53,e67e56e3-15cd-43db-b679-da4660a69f41,OpenAI,openai,25.6,21.8,34.7,0.806,0.666,0.046,0.457,0.381,0.913,0.437,0.347,0.43,0.61,0.136,0.471,3.5,2.0,8.0
5d11e7a1-4f70-4e5a-9364-e193761d6757,GPT-5 Codex (high),gpt-5-codex,2025-09-23,343.963,13.136,13.136,e67e56e3-15cd-43db-b679-da4660a69f41,OpenAI,openai,44.5,38.9,98.7,0.865,0.837,0.256,0.84,0.409,,,0.987,0.741,0.69,0.379,0.868,3.438,1.25,10.0
bc26bfdb-4923-4442-a6ca-e77392923581,GPT-5 mini (minimal),gpt-5-mini-minimal,2025-08-07,73.431,0.743,0.743,e67e56e3-15cd-43db-b679-da4660a69f41,OpenAI,openai,20.7,21.9,46.7,0.775,0.687,0.05,0.545,0.369,,,0.467,0.456,0.357,0.144,0.319,0.688,0.25,2.0
c3738fb0-3408-4430-a699-760ae4b70c93,GPT-5 (minimal),gpt-5-minimal,2025-08-07,68.419,1.031,1.031,e67e56e3-15cd-43db-b679-da4660a69f41,OpenAI,openai,23.7,25.1,31.7,0.806,0.673,0.054,0.558,0.388,0.861,0.367,0.317,0.456,0.25,0.182,0.67,3.438,1.25,10.0
6a7c0e25-1dcb-4b15-8495-a8536a9da051,GPT-4,gpt-4,2023-03-14,38.647,0.643,0.643,e67e56e3-15cd-43db-b679-da4660a69f41,OpenAI,openai,12.8,13.1,,,,,,,,,,,,,,37.5,30.0,60.0
e2e9ddc3-8c2d-4bf5-a60a-83a1afe61034,GPT-4o Realtime (Dec '24),gpt-4o-realtime-dec-2024,2024-12-17,0.0,0.0,0.0,e67e56e3-15cd-43db-b679-da4660a69f41,OpenAI,openai,,,,,,,,,,,,,,,,0.0,0.0,0.0
4dc12a38-b18f-4c43-8e1b-678f8434b5b1,GPT-5.1 (high),gpt-5-1,2025-11-13,135.199,27.157,27.157,e67e56e3-15cd-43db-b679-da4660a69f41,OpenAI,openai,47.6,44.7,94.0,0.87,0.873,0.265,0.868,0.433,,,0.94,0.729,0.75,0.455,0.819,3.438,1.25,10.0
72c358fd-7d45-4d68-89aa-699743710924,GPT-4.1 nano,gpt-4-1-nano,2025-04-14,146.991,0.365,0.365,e67e56e3-15cd-43db-b679-da4660a69f41,OpenAI,openai,12.9,11.2,24.0,0.657,0.512,0.039,0.326,0.259,0.848,0.237,0.24,0.32,0.17,0.038,0.173,0.175,0.1,0.4
9f7c7566-a704-49a2-a383-cb3181da33a4,GPT-4.1 mini,gpt-4-1-mini,2025-04-14,81.196,0.474,0.474,e67e56e3-15cd-43db-b679-da4660a69f41,OpenAI,openai,22.4,18.5,46.3,0.781,0.664,0.046,0.483,0.404,0.925,0.43,0.463,0.383,0.423,0.076,0.529,0.7,0.4,1.6
4343afb1-c928-44c9-92e2-68fa1195b6f5,GPT-4o mini Realtime (Dec '24),gpt-4o-mini-realtime-dec-2024,2024-12-17,0.0,0.0,0.0,e67e56e3-15cd-43db-b679-da4660a69f41,OpenAI,openai,,,,,,,,,,,,,,,,0.0,0.0,0.0
48e50f00-1fd1-4acc-b337-61078aa341e6,GPT-5 (high),gpt-5,2025-08-07,103.164,106.231,106.231,e67e56e3-15cd-43db-b679-da4660a69f41,OpenAI,openai,44.6,36.0,94.3,0.871,0.854,0.265,0.846,0.429,0.994,0.957,0.943,0.731,0.756,0.326,0.848,3.438,1.25,10.0
2dad8957-4c16-4e74-bf2d-8b21514e0ae9,o3-mini,o3-mini,2025-01-31,157.923,13.717,13.717,e67e56e3-15cd-43db-b679-da4660a69f41,OpenAI,openai,25.9,17.9,,0.791,0.748,0.087,0.717,0.399,0.973,0.77,,,,0.068,0.287,1.925,1.1,4.4
05e45a36-b5c6-47a1-8adb-9ddc19add5b3,GPT-5 nano (minimal),gpt-5-nano-minimal,2025-08-07,141.253,0.688,0.688,e67e56e3-15cd-43db-b679-da4660a69f41,OpenAI,openai,13.7,14.2,27.3,0.556,0.428,0.041,0.47,0.291,,,0.273,0.325,0.2,0.068,0.257,0.138,0.05,0.4
ca04852c-eaae-4881-a208-f9b2ca3b7cd6,o3-pro,o3-pro,2025-06-10,41.599,78.398,78.398,e67e56e3-15cd-43db-b679-da4660a69f41,OpenAI,openai,40.7,,,,0.845,,,,,,,,,,,35.0,20.0,80.0
8eb02396-f231-4189-ae15-05f7facebd9b,GPT-5 nano (medium),gpt-5-nano-medium,2025-08-07,134.83,56.051,56.051,e67e56e3-15cd-43db-b679-da4660a69f41,OpenAI,openai,25.7,22.9,78.3,0.772,0.67,0.076,0.763,0.338,,,0.783,0.659,0.4,0.174,0.304,0.138,0.05,0.4
84b49308-6b93-47aa-a4f6-776ee1a1e8cd,o4-mini (high),o4-mini,2025-04-16,135.492,54.992,54.992,e67e56e3-15cd-43db-b679-da4660a69f41,OpenAI,openai,33.0,25.6,90.7,0.832,0.784,0.175,0.859,0.465,0.989,0.94,0.907,0.687,0.55,0.152,0.556,1.925,1.1,4.4
04d023f3-025c-4d78-9571-53edda3eaf2a,GPT-5.1 Codex (high),gpt-5-1-codex,2025-11-13,291.338,11.037,11.037,e67e56e3-15cd-43db-b679-da4660a69f41,OpenAI,openai,42.2,36.6,95.7,0.86,0.86,0.234,0.849,0.402,,,0.957,0.7,0.673,0.348,0.83,3.438,1.25,10.0
c3274a19-6d3c-4d01-ab9b-5055a0a40429,GPT-5 mini (medium),gpt-5-mini-medium,2025-08-07,72.889,32.227,32.227,e67e56e3-15cd-43db-b679-da4660a69f41,OpenAI,openai,38.8,32.9,85.0,0.828,0.803,0.146,0.692,0.41,,,0.85,0.712,0.66,0.288,0.711,0.688,0.25,2.0
076f2674-bc4b-4925-be59-50832eb8c090,o3-mini (high),o3-mini-high,2025-01-31,161.174,51.212,51.212,e67e56e3-15cd-43db-b679-da4660a69f41,OpenAI,openai,25.1,17.3,,0.802,0.773,0.123,0.734,0.398,0.985,0.86,,0.671,0.393,0.061,0.313,1.925,1.1,4.4
5e965af0-ca5c-4f47-9ba9-06000508b84a,GPT-5 (medium),gpt-5-medium,2025-08-07,93.637,49.19,49.19,e67e56e3-15cd-43db-b679-da4660a69f41,OpenAI,openai,41.8,39.0,91.7,0.867,0.842,0.235,0.703,0.411,0.991,0.917,0.917,0.706,0.728,0.379,0.865,3.438,1.25,10.0
5ce30d25-5353-45bb-bef9-6b87480ba3a2,GPT-4.5 (Preview),gpt-4-5,2025-02-27,0.0,0.0,0.0,e67e56e3-15cd-43db-b679-da4660a69f41,OpenAI,openai,20.0,,,,,,,,,,,,,,,0.0,0.0,0.0
8b1a70d1-e05f-426b-9122-023d4629ab47,GPT-3.5 Turbo (0613),gpt-3-5-turbo-0613,2023-06-13,0.0,0.0,0.0,e67e56e3-15cd-43db-b679-da4660a69f41,OpenAI,openai,,,,,,,,,,,,,,,,0.0,0.0,0.0
b4784397-aa28-411b-b011-9c4331bfa9c8,GPT-4o (ChatGPT),gpt-4o-chatgpt,2025-02-15,0.0,0.0,0.0,e67e56e3-15cd-43db-b679-da4660a69f41,OpenAI,openai,14.1,,,0.773,0.511,0.037,,0.334,0.797,0.103,,,0.53,,,0.0,0.0,0.0
eab1492c-b853-4852-aa71-06b0ec2481c1,GPT-5 (ChatGPT),gpt-5-chatgpt,2025-08-07,204.495,0.524,0.524,e67e56e3-15cd-43db-b679-da4660a69f41,OpenAI,openai,21.8,21.2,48.3,0.82,0.686,0.058,0.543,0.378,,,0.483,0.45,0.637,0.129,0.0,3.438,1.25,10.0
d0b3d47e-aec6-425e-9de7-168dcc6d1e28,GPT-5.1 (Non-reasoning),gpt-5-1-non-reasoning,2025-11-13,109.409,0.616,0.616,e67e56e3-15cd-43db-b679-da4660a69f41,OpenAI,openai,27.4,27.3,38.0,0.801,0.643,0.052,0.494,0.365,,,0.38,0.432,0.44,0.227,0.465,3.438,1.25,10.0
575498d6-60ec-466b-9372-fea19911fd07,"GPT-4o (March 2025, chatgpt-4o-latest)",gpt-4o-chatgpt-03-25,2025-03-27,0.0,0.0,0.0,e67e56e3-15cd-43db-b679-da4660a69f41,OpenAI,openai,18.6,,25.7,0.803,0.655,0.05,0.425,0.366,0.893,0.327,0.257,,,,,0.0,0.0,0.0
7f3c9423-3ee3-4369-a6d9-3f2a40aff00e,GPT-5 (low),gpt-5-low,2025-08-07,91.342,27.121,27.121,e67e56e3-15cd-43db-b679-da4660a69f41,OpenAI,openai,39.0,30.7,83.0,0.86,0.808,0.184,0.763,0.391,0.987,0.83,0.83,0.666,0.587,0.265,0.842,3.438,1.25,10.0
e8d4100e-165b-4c5d-ac11-ac553590a334,o1-pro,o1-pro,2025-03-19,0.0,0.0,0.0,e67e56e3-15cd-43db-b679-da4660a69f41,OpenAI,openai,25.8,,,,,,,,,,,,,,,262.5,150.0,600.0
466aecdb-3d96-4191-bc52-b3366db38851,Llama 3.1 Instruct 70B,llama-3-1-instruct-70b,2024-07-23,68.432,0.491,0.491,e1694725-0192-4e54-b1b8-c97e816c6cbe,Meta,meta,12.2,10.9,4.0,0.676,0.409,0.046,0.232,0.267,0.649,0.173,0.04,0.344,0.063,0.03,0.152,0.56,0.56,0.56
739684ba-0f63-4e2a-b4ee-30741c9e9320,Llama 3.1 Instruct 8B,llama-3-1-instruct-8b,2024-07-23,181.353,0.388,0.388,e1694725-0192-4e54-b1b8-c97e816c6cbe,Meta,meta,11.7,4.9,4.3,0.476,0.259,0.051,0.116,0.132,0.519,0.077,0.043,0.286,0.157,0.008,0.164,0.1,0.1,0.1
71e8d48c-1920-4f27-8ea9-1f10becc615a,Llama 3.2 Instruct 3B,llama-3-2-instruct-3b,2024-09-25,62.634,0.522,0.522,e1694725-0192-4e54-b1b8-c97e816c6cbe,Meta,meta,9.7,,3.3,0.347,0.255,0.052,0.083,0.052,0.489,0.067,0.033,0.262,0.02,,0.211,0.08,0.08,0.08
aa83359a-d804-4f0b-b5bf-dc637711c26f,Llama 3 Instruct 70B,llama-3-instruct-70b,2024-04-18,38.445,0.454,0.454,e1694725-0192-4e54-b1b8-c97e816c6cbe,Meta,meta,8.8,6.8,,0.574,0.379,0.044,0.198,0.189,0.483,0.0,,0.371,0.0,0.008,0.0,0.871,0.58,1.745
82879bb8-89fb-4adc-b519-315b8ef30b77,Llama 3 Instruct 8B,llama-3-instruct-8b,2024-04-18,68.299,0.384,0.384,e1694725-0192-4e54-b1b8-c97e816c6cbe,Meta,meta,6.3,4.0,,0.405,0.296,0.051,0.096,0.119,0.499,0.0,,0.246,0.0,0.0,0.0,0.07,0.045,0.145
80f7860a-7665-4658-9f05-15bccf5f832f,Llama 3.2 Instruct 1B,llama-3-2-instruct-1b,2024-09-25,194.951,0.654,0.654,e1694725-0192-4e54-b1b8-c97e816c6cbe,Meta,meta,6.3,0.6,0.0,0.2,0.196,0.053,0.019,0.017,0.14,0.0,0.0,0.228,0.05,0.0,0.0,0.1,0.1,0.1
6b08a75a-19ee-40b4-be33-133b8ef42f92,Llama 2 Chat 13B,llama-2-chat-13b,2023-07-18,0.0,0.0,0.0,e1694725-0192-4e54-b1b8-c97e816c6cbe,Meta,meta,5.0,,,0.406,0.321,0.047,0.098,0.118,0.329,0.017,,,,,,0.0,0.0,0.0
599da8e0-bd9c-4b38-a127-b50e371fbcf8,Llama 2 Chat 70B,llama-2-chat-70b,2023-07-18,0.0,0.0,0.0,e1694725-0192-4e54-b1b8-c97e816c6cbe,Meta,meta,7.0,,,0.406,0.327,0.05,0.098,,0.323,0.0,,,,,,0.0,0.0,0.0
ffd65ef7-fbdb-4145-98ae-b5d01cda770b,Llama 2 Chat 7B,llama-2-chat-7b,2023-07-18,109.006,0.581,0.581,e1694725-0192-4e54-b1b8-c97e816c6cbe,Meta,meta,4.0,,,0.164,0.227,0.058,0.002,0.0,0.059,0.0,,,,,,0.1,0.05,0.25
c6a47d8a-7517-46e2-8383-329fe7241725,Gemini 2.0 Pro Experimental (Feb '25),gemini-2-0-pro-experimental-02-05,2025-02-05,0.0,0.0,0.0,faddc6d9-2c14-445f-9b28-56726f59c793,Google,google,18.1,25.5,,0.805,0.622,0.068,0.347,0.312,0.923,0.36,,,,,,0.0,0.0,0.0
fddb72bd-60d3-41af-acc5-3df9a290eb8e,Gemini 2.0 Flash (experimental),gemini-2-0-flash-experimental,2024-12-11,0.0,0.0,0.0,faddc6d9-2c14-445f-9b28-56726f59c793,Google,google,16.8,,,0.782,0.636,0.047,0.21,0.34,0.911,0.3,,,,,,0.0,0.0,0.0
2ac96b67-f4f8-4c8c-ac08-c7510faa7bb9,Gemini 1.5 Pro (Sep '24),gemini-1-5-pro,2024-09-24,0.0,0.0,0.0,faddc6d9-2c14-445f-9b28-56726f59c793,Google,google,16.0,23.6,,0.75,0.589,0.049,0.316,0.295,0.876,0.23,,,,,,0.0,0.0,0.0
3de55b83-e02b-412e-8211-315bbebe3e94,Gemini 2.0 Flash-Lite (Preview),gemini-2-0-flash-lite-preview,2025-02-05,0.0,0.0,0.0,faddc6d9-2c14-445f-9b28-56726f59c793,Google,google,14.5,,,,0.542,0.044,0.179,0.247,0.873,0.303,,,,,,0.0,0.0,0.0
bcca0e70-7e80-4c07-b1fa-b33bcfb19e51,Gemini 2.0 Flash (Feb '25),gemini-2-0-flash,2025-02-05,0.0,0.0,0.0,faddc6d9-2c14-445f-9b28-56726f59c793,Google,google,18.5,13.6,21.7,0.779,0.623,0.053,0.334,0.333,0.93,0.33,0.217,0.402,0.283,0.038,0.295,0.263,0.15,0.6
41faf421-118b-465b-b170-d200776580d1,Gemini 1.5 Flash (Sep '24),gemini-1-5-flash,2024-09-24,0.0,0.0,0.0,faddc6d9-2c14-445f-9b28-56726f59c793,Google,google,13.8,,,0.68,0.463,0.035,0.273,0.267,0.827,0.18,,,,,,0.0,0.0,0.0
94229066-9381-4ee1-bf70-a16d63756a6e,Gemini 1.5 Flash-8B,gemini-1-5-flash-8b,2024-10-03,0.0,0.0,0.0,faddc6d9-2c14-445f-9b28-56726f59c793,Google,google,11.1,,,0.569,0.359,0.045,0.217,0.229,0.689,0.033,,,,,,0.0,0.0,0.0
f4e8194a-d0e6-48eb-92be-4307de5aeeec,Gemini 2.5 Flash-Lite (Reasoning),gemini-2-5-flash-lite-reasoning,2025-06-17,364.005,14.485,14.485,faddc6d9-2c14-445f-9b28-56726f59c793,Google,google,17.4,9.5,53.3,0.759,0.625,0.064,0.593,0.193,0.969,0.703,0.533,0.499,0.513,0.045,0.184,0.175,0.1,0.4
219ed587-60c5-4a48-9517-8480e08d0ca1,Gemini 2.5 Flash (Reasoning),gemini-2-5-flash-reasoning,2025-05-20,286.099,15.774,15.774,faddc6d9-2c14-445f-9b28-56726f59c793,Google,google,26.8,22.2,73.3,0.832,0.79,0.111,0.695,0.394,0.981,0.823,0.733,0.503,0.617,0.136,0.316,0.85,0.3,2.5
ac48c49d-9e77-4394-ac4e-d1ee51fd5fee,Gemini 1.5 Flash (May '24),gemini-1-5-flash-may-2024,2024-05-14,0.0,0.0,0.0,faddc6d9-2c14-445f-9b28-56726f59c793,Google,google,10.5,,,0.574,0.324,0.042,0.196,0.181,0.554,0.093,,,,,,0.0,0.0,0.0
c7667559-d9b6-43f1-8cd8-8bdbc78d190b,Gemini 2.5 Flash Preview (Sep '25) (Reasoning),gemini-2-5-flash-preview-09-2025-reasoning,2025-09-25,0.0,0.0,0.0,faddc6d9-2c14-445f-9b28-56726f59c793,Google,google,31.1,24.6,78.3,0.842,0.793,0.127,0.713,0.405,,,0.783,0.523,0.643,0.167,0.456,0.85,0.3,2.5
8ddacd41-bf43-411b-aa30-43ebf0567dd8,Gemini 1.0 Pro,gemini-1-0-pro,2023-12-06,0.0,0.0,0.0,faddc6d9-2c14-445f-9b28-56726f59c793,Google,google,8.5,,,0.431,0.277,0.046,0.116,0.117,0.403,0.007,,,,,,0.0,0.0,0.0
d1122eff-ee85-4fdc-8a9f-23bee6590667,Gemini 3 Pro Preview (high),gemini-3-pro,2025-11-18,139.472,28.633,28.633,faddc6d9-2c14-445f-9b28-56726f59c793,Google,google,48.4,46.5,95.7,0.898,0.908,0.372,0.917,0.561,,,0.957,0.704,0.707,0.417,0.871,4.5,2.0,12.0
16f2578b-1b28-4be3-b371-700c2677bcd6,Gemini 1.5 Pro (May '24),gemini-1-5-pro-may-2024,2024-05-15,0.0,0.0,0.0,faddc6d9-2c14-445f-9b28-56726f59c793,Google,google,12.0,19.8,,0.657,0.371,0.039,0.244,0.274,0.673,0.08,,,,,,0.0,0.0,0.0
55a3ebf6-6117-4cc1-8596-c6de6e552fd4,Gemini 2.5 Flash Preview (Non-reasoning),gemini-2-5-flash-04-2025,2025-04-17,0.0,0.0,0.0,faddc6d9-2c14-445f-9b28-56726f59c793,Google,google,17.8,,,0.783,0.594,0.05,0.406,0.233,0.926,0.433,,,,,,0.0,0.0,0.0
1d81aa1c-64c8-442a-9c41-81b37e407b91,Gemini 2.5 Flash-Lite (Non-reasoning),gemini-2-5-flash-lite,2025-06-17,358.866,0.229,0.229,faddc6d9-2c14-445f-9b28-56726f59c793,Google,google,12.5,7.4,35.3,0.724,0.474,0.037,0.4,0.177,0.926,0.5,0.353,0.315,0.313,0.023,0.19,0.175,0.1,0.4
2ae624ca-25b4-4cc8-8970-cdfdd3320691,Gemini 1.0 Ultra,gemini-1-0-ultra,2023-12-06,0.0,0.0,0.0,faddc6d9-2c14-445f-9b28-56726f59c793,Google,google,10.1,17.6,,,,,,,,,,,,,,0.0,0.0,0.0
68c89ebf-779c-4445-9241-de964cd17355,Gemini 2.5 Flash Preview (Reasoning),gemini-2-5-flash-reasoning-04-2025,2025-04-17,0.0,0.0,0.0,faddc6d9-2c14-445f-9b28-56726f59c793,Google,google,24.3,,,0.8,0.698,0.116,0.505,0.359,0.981,0.843,,,,,,0.0,0.0,0.0
073b5329-c4b3-4f1f-8f97-4753aadf4398,Gemini 2.5 Pro Preview (May' 25),gemini-2-5-pro-05-06,2025-05-06,0.0,0.0,0.0,faddc6d9-2c14-445f-9b28-56726f59c793,Google,google,29.5,,,0.837,0.822,0.154,0.77,0.416,0.986,0.843,,,,,,3.438,1.25,10.0
62de31e8-a1a3-429c-b634-a2afccfd9363,Gemini 2.5 Pro Preview (Mar' 25),gemini-2-5-pro-03-25,2025-03-25,0.0,0.0,0.0,faddc6d9-2c14-445f-9b28-56726f59c793,Google,google,30.3,46.7,,0.858,0.836,0.171,0.778,0.395,0.98,0.87,,,,,,0.0,0.0,0.0
0399e614-5d46-484f-9183-e4f32d74e1c6,Gemini 2.0 Flash Thinking Experimental (Jan '25),gemini-2-0-flash-thinking-exp-0121,2025-01-21,0.0,0.0,0.0,faddc6d9-2c14-445f-9b28-56726f59c793,Google,google,19.6,24.1,,0.798,0.701,0.071,0.321,0.329,0.944,0.5,,,,,,0.0,0.0,0.0
6afbfb62-27e4-435e-9c85-d9fe1b92519e,Gemini 2.5 Flash (Non-reasoning),gemini-2-5-flash,2025-05-20,240.139,0.364,0.364,faddc6d9-2c14-445f-9b28-56726f59c793,Google,google,20.5,17.8,60.3,0.809,0.683,0.051,0.495,0.291,0.932,0.5,0.603,0.39,0.459,0.121,0.149,0.85,0.3,2.5
bd2c3517-00d8-4ba5-a989-1f1e52f3ffab,Gemma 3n E4B Instruct Preview (May '25),gemma-3n-e4b-preview-0520,2025-05-20,0.0,0.0,0.0,faddc6d9-2c14-445f-9b28-56726f59c793,Google,google,10.1,,,0.483,0.278,0.049,0.138,0.086,0.749,0.107,,,,,,0.0,0.0,0.0
515852e7-ba9c-4571-8cf9-82ad6b45f22f,PALM-2,palm-2,2023-05-10,0.0,0.0,0.0,faddc6d9-2c14-445f-9b28-56726f59c793,Google,google,8.6,4.6,,,,,,,,,,,,,,0.0,0.0,0.0
877fdfc9-2026-477a-af96-e4fd602c0131,Gemini 2.5 Flash Preview (Sep '25) (Non-reasoning),gemini-2-5-flash-preview-09-2025,2025-09-25,0.0,0.0,0.0,faddc6d9-2c14-445f-9b28-56726f59c793,Google,google,25.5,22.1,56.7,0.836,0.766,0.078,0.625,0.375,,,0.567,0.435,0.567,0.144,0.284,0.85,0.3,2.5
7b269763-ecc0-41ef-aa29-47ef632ac065,Gemini 2.0 Flash-Lite (Feb '25),gemini-2-0-flash-lite-001,2025-02-25,0.0,0.0,0.0,faddc6d9-2c14-445f-9b28-56726f59c793,Google,google,14.7,,,0.724,0.535,0.036,0.185,0.25,0.873,0.277,,,,,,0.0,0.0,0.0
dfeeb904-e784-4d5c-ad66-9400146b150b,Gemini 2.0 Flash Thinking Experimental (Dec '24),gemini-2-0-flash-thinking-exp-1219,2024-12-19,0.0,0.0,0.0,faddc6d9-2c14-445f-9b28-56726f59c793,Google,google,12.3,,,,,,,,0.48,,,,,,,0.0,0.0,0.0
0a603978-03b9-4f47-a273-2f7fd969be85,Claude 3.5 Sonnet (Oct '24),claude-35-sonnet,2024-10-22,0.0,0.0,0.0,f0aa413f-e8ae-4fcd-9c48-0e049f4f3128,Anthropic,anthropic,15.9,30.2,,0.772,0.599,0.039,0.381,0.366,0.771,0.157,,,,,,6.0,3.0,15.0
aca9c1ad-fc86-49f3-a312-b1e517ea100c,Claude 3.5 Sonnet (June '24),claude-35-sonnet-june-24,2024-06-21,0.0,0.0,0.0,f0aa413f-e8ae-4fcd-9c48-0e049f4f3128,Anthropic,anthropic,14.2,26.0,,0.751,0.56,0.037,,0.316,0.695,0.097,,,,,,6.0,3.0,15.0
7829427f-f0e3-4f6d-a228-5fbf70dacc02,Claude 3 Opus,claude-3-opus,2024-03-04,0.0,0.0,0.0,f0aa413f-e8ae-4fcd-9c48-0e049f4f3128,Anthropic,anthropic,12.5,19.5,,0.696,0.489,0.031,0.279,0.233,0.641,0.033,,,,,,30.0,15.0,75.0
033e4aa9-a556-4224-87b0-341ed1070257,Claude 3.5 Haiku,claude-3-5-haiku,2024-10-22,0.0,0.0,0.0,f0aa413f-e8ae-4fcd-9c48-0e049f4f3128,Anthropic,anthropic,18.7,10.7,,0.634,0.408,0.035,0.314,0.274,0.721,0.033,,0.428,0.233,0.023,0.246,1.6,0.8,4.0
b2e68f0a-8f66-4e4c-9821-2b786cea601b,Claude 3 Sonnet,claude-3-sonnet,2024-03-04,0.0,0.0,0.0,f0aa413f-e8ae-4fcd-9c48-0e049f4f3128,Anthropic,anthropic,10.3,,,0.579,0.4,0.038,0.175,0.229,0.414,0.047,,,,,,6.0,3.0,15.0
1fc54cef-d179-48b1-a27d-046874e9b208,Claude 3 Haiku,claude-3-haiku,2024-03-04,120.501,0.423,0.423,f0aa413f-e8ae-4fcd-9c48-0e049f4f3128,Anthropic,anthropic,12.1,6.7,,,0.374,0.039,0.154,0.186,0.394,0.01,,0.361,0.21,0.008,0.211,0.5,0.25,1.25
83cb898e-05d9-4e4b-9de3-2d305014d923,Claude Instant,claude-instant,2023-03-14,0.0,0.0,0.0,f0aa413f-e8ae-4fcd-9c48-0e049f4f3128,Anthropic,anthropic,7.4,7.8,,0.434,0.33,0.038,0.109,,0.264,0.0,,,,,,0.0,0.0,0.0
504412c2-2ada-499b-aebf-7e0a35c9d286,Claude 4 Opus (Non-reasoning),claude-4-opus,2025-05-22,40.102,1.407,1.407,f0aa413f-e8ae-4fcd-9c48-0e049f4f3128,Anthropic,anthropic,22.2,,36.3,0.86,0.701,0.059,0.542,0.409,0.941,0.563,0.363,0.433,0.36,,,30.0,15.0,75.0
ccbfa8c3-a762-480b-aade-34fb9697f98c,Claude 4.1 Opus (Reasoning),claude-4-1-opus-thinking,2025-08-05,49.336,1.424,41.963,f0aa413f-e8ae-4fcd-9c48-0e049f4f3128,Anthropic,anthropic,31.9,36.5,80.3,0.88,0.809,0.119,0.654,0.409,,,0.803,0.554,0.663,0.343,0.714,30.0,15.0,75.0
4077490a-bbfb-404e-979a-a97a20e3b5de,Claude Opus 4.5 (Non-reasoning),claude-opus-4-5,2025-11-24,63.103,0.953,0.953,f0aa413f-e8ae-4fcd-9c48-0e049f4f3128,Anthropic,anthropic,43.0,42.9,62.7,0.889,0.81,0.129,0.738,0.47,,,0.627,0.43,0.653,0.409,0.863,10.0,5.0,25.0
d925845d-39ad-4de3-8495-f176b79828c0,Claude 3.7 Sonnet (Non-reasoning),claude-3-7-sonnet,2025-02-24,0.0,0.0,0.0,f0aa413f-e8ae-4fcd-9c48-0e049f4f3128,Anthropic,anthropic,30.8,26.7,21.0,0.803,0.656,0.048,0.394,0.376,0.85,0.223,0.21,0.44,0.483,0.212,0.5,6.0,3.0,15.0
8a4a5ead-7789-4389-8400-30e9d20370b7,Claude 4 Opus (Reasoning),claude-4-opus-thinking,2025-05-22,48.41,1.48,42.794,f0aa413f-e8ae-4fcd-9c48-0e049f4f3128,Anthropic,anthropic,27.4,34.0,73.3,0.873,0.796,0.117,0.636,0.398,0.982,0.757,0.733,0.537,0.337,0.311,0.705,30.0,15.0,75.0
90e078f2-051b-4c63-8919-76618971cb3f,Claude 4.5 Sonnet (Reasoning),claude-4-5-sonnet-thinking,2025-09-29,73.862,1.108,28.186,f0aa413f-e8ae-4fcd-9c48-0e049f4f3128,Anthropic,anthropic,42.9,38.6,88.0,0.875,0.834,0.173,0.714,0.447,,,0.88,0.573,0.657,0.356,0.781,6.0,3.0,15.0
f2f60e3a-e5f5-4471-acd2-9f2f29c76007,Claude 4.1 Opus (Non-reasoning),claude-4-1-opus,2025-08-05,40.709,1.469,1.469,f0aa413f-e8ae-4fcd-9c48-0e049f4f3128,Anthropic,anthropic,23.6,,,,,,,,,,,,,,,30.0,15.0,75.0
13358187-4584-479c-ab43-5bcdf8f297a4,Claude 3.7 Sonnet (Reasoning),claude-3-7-sonnet-thinking,2025-02-24,0.0,0.0,0.0,f0aa413f-e8ae-4fcd-9c48-0e049f4f3128,Anthropic,anthropic,34.6,27.6,56.3,0.837,0.772,0.103,0.473,0.403,0.947,0.487,0.563,0.483,0.607,0.212,0.547,6.0,3.0,15.0
91cb6144-4937-4e4e-aeda-b4341d355c10,Claude 4.5 Sonnet (Non-reasoning),claude-4-5-sonnet,2025-09-29,64.708,1.146,1.146,f0aa413f-e8ae-4fcd-9c48-0e049f4f3128,Anthropic,anthropic,37.1,33.5,37.0,0.86,0.727,0.071,0.59,0.428,,,0.37,0.427,0.513,0.288,0.705,6.0,3.0,15.0
9e141c0d-fc82-4e07-bb2e-fe0003bc030b,Claude 2.1,claude-21,2023-11-21,0.0,0.0,0.0,f0aa413f-e8ae-4fcd-9c48-0e049f4f3128,Anthropic,anthropic,9.3,14.0,,0.495,0.319,0.042,0.195,0.184,0.374,0.033,,,,,,0.0,0.0,0.0
2660d74f-ce79-48a8-8b53-6e668e2071a2,Claude Opus 4.5 (Reasoning),claude-opus-4-5-thinking,2025-11-24,79.847,1.059,26.107,f0aa413f-e8ae-4fcd-9c48-0e049f4f3128,Anthropic,anthropic,49.7,47.8,91.3,0.895,0.866,0.284,0.871,0.495,,,0.913,0.58,0.74,0.47,0.895,10.0,5.0,25.0
a7564055-f8ba-4c4b-9e2d-060f61263645,Claude 4 Sonnet (Reasoning),claude-4-sonnet-thinking,2025-05-22,82.056,1.249,25.622,f0aa413f-e8ae-4fcd-9c48-0e049f4f3128,Anthropic,anthropic,38.6,34.1,74.3,0.842,0.777,0.096,0.655,0.4,0.991,0.773,0.743,0.547,0.647,0.311,0.646,6.0,3.0,15.0
d034dafe-463d-4c50-956f-84fca657b26f,Claude 4 Sonnet (Non-reasoning),claude-4-sonnet,2025-05-22,71.496,1.375,1.375,f0aa413f-e8ae-4fcd-9c48-0e049f4f3128,Anthropic,anthropic,33.0,30.6,38.0,0.837,0.683,0.04,0.449,0.373,0.934,0.407,0.38,0.454,0.443,0.273,0.523,6.0,3.0,15.0
ddc748d0-6a9b-466b-8d6c-68417980d56d,Claude 2.0,claude-2,2023-07-11,0.0,0.0,0.0,f0aa413f-e8ae-4fcd-9c48-0e049f4f3128,Anthropic,anthropic,9.1,12.9,,0.486,0.344,,0.171,0.194,,0.0,,,,,,0.0,0.0,0.0
50f92d5f-f413-4c97-8dab-331101622a28,Mistral Large 2 (Nov '24),mistral-large-2,2024-11-18,40.443,0.481,0.481,b5c0639a-cc9c-443b-a07e-bae6b7088933,Mistral,mistral,15.1,13.8,14.0,0.697,0.486,0.04,0.293,0.292,0.736,0.11,0.14,0.312,0.053,0.061,0.307,3.0,2.0,6.0
1b05e346-e86a-4a20-8feb-7da8c65a99aa,Mistral Large 2 (Jul '24),mistral-large-2407,2024-07-24,0.0,0.0,0.0,b5c0639a-cc9c-443b-a07e-bae6b7088933,Mistral,mistral,13.0,,0.0,0.683,0.472,0.032,0.267,0.271,0.714,0.093,0.0,0.316,0.017,,0.33,3.0,2.0,6.0
de0beaf0-c951-487a-8eb4-3dd12e74122c,Pixtral Large,pixtral-large-2411,2024-11-18,50.463,0.44,0.44,b5c0639a-cc9c-443b-a07e-bae6b7088933,Mistral,mistral,14.0,,2.3,0.701,0.505,0.036,0.261,0.292,0.714,0.07,0.023,0.345,0.103,,0.365,3.0,2.0,6.0
e5dd499f-c330-45ec-9ff0-a99209c82af7,Mistral Small 3,mistral-small-3,2025-01-30,231.369,0.352,0.352,b5c0639a-cc9c-443b-a07e-bae6b7088933,Mistral,mistral,12.7,,4.3,0.652,0.462,0.041,0.252,0.236,0.715,0.08,0.043,0.264,0.0,,0.196,0.15,0.1,0.3
7c045ca0-b331-488d-af31-df0fd331dfd1,Mistral Small (Sep '24),mistral-small,2024-09-17,108.761,0.287,0.287,b5c0639a-cc9c-443b-a07e-bae6b7088933,Mistral,mistral,10.2,,,0.529,0.381,0.043,0.141,0.156,0.563,0.063,,,,,,0.3,0.2,0.6
ca6c1412-f3c1-4391-9231-f83a702aa7af,Mixtral 8x22B Instruct,mistral-8x22b-instruct,2024-04-17,0.0,0.0,0.0,b5c0639a-cc9c-443b-a07e-bae6b7088933,Mistral,mistral,9.8,,,0.537,0.332,0.041,0.148,0.188,0.545,0.0,,,,,,0.0,0.0,0.0
35d602fc-b8b8-4698-9f4d-f2ce11ca50e4,Mistral Small (Feb '24),mistral-small-2402,2024-02-26,112.535,0.3,0.3,b5c0639a-cc9c-443b-a07e-bae6b7088933,Mistral,mistral,9.0,,,0.419,0.302,0.044,0.111,0.134,0.562,0.007,,,,,,1.5,1.0,3.0
5e4e4590-a77e-4b66-95f8-f3960a1a7c68,Mistral Large (Feb '24),mistral-large,2024-02-26,0.0,0.0,0.0,b5c0639a-cc9c-443b-a07e-bae6b7088933,Mistral,mistral,9.9,,,0.515,0.351,0.034,0.178,0.208,0.527,0.0,,,,,,6.0,4.0,12.0
3edcb2ed-6981-4f88-a556-563f7f8f00aa,Mixtral 8x7B Instruct,mixtral-8x7b-instruct,2023-12-11,0.0,0.0,0.0,b5c0639a-cc9c-443b-a07e-bae6b7088933,Mistral,mistral,7.7,,,0.387,0.292,0.045,0.066,0.028,0.299,0.0,,,,,,0.54,0.54,0.6
217b34ec-5920-4fc1-8886-6a70a324837d,Mistral 7B Instruct,mistral-7b-instruct,2023-09-27,167.035,0.286,0.286,b5c0639a-cc9c-443b-a07e-bae6b7088933,Mistral,mistral,7.4,,,0.245,0.177,0.043,0.046,0.024,0.121,0.0,,0.199,0.0,,0.0,0.25,0.25,0.25
7a7b52f6-fdef-4dae-9203-58c710ccc81d,Mistral Saba,mistral-saba,2025-02-17,0.0,0.0,0.0,b5c0639a-cc9c-443b-a07e-bae6b7088933,Mistral,mistral,12.1,,,0.611,0.424,0.041,,0.241,0.677,0.13,,,,,,0.0,0.0,0.0
aba82268-2bb7-4a0f-80be-9b7722e2145b,Devstral Medium,devstral-medium,2025-07-10,108.584,0.429,0.429,b5c0639a-cc9c-443b-a07e-bae6b7088933,Mistral,mistral,18.6,15.9,4.7,0.708,0.492,0.038,0.337,0.294,0.707,0.067,0.047,0.299,0.287,0.091,0.199,0.8,0.4,2.0
59e22326-1bca-4432-a5fa-147fbe8854e7,Mistral Medium 3,mistral-medium-3,2025-05-07,79.258,0.386,0.386,b5c0639a-cc9c-443b-a07e-bae6b7088933,Mistral,mistral,18.7,13.6,30.3,0.76,0.578,0.043,0.4,0.331,0.907,0.44,0.303,0.393,0.28,0.038,0.243,0.8,0.4,2.0
660965b2-66d2-49ee-a6b9-79a6ac47d3c0,Magistral Medium 1,magistral-medium,2025-06-10,0.0,0.0,0.0,b5c0639a-cc9c-443b-a07e-bae6b7088933,Mistral,mistral,18.7,16.0,40.3,0.753,0.679,0.095,0.527,0.297,0.917,0.7,0.403,0.251,0.0,0.091,0.231,2.75,2.0,5.0
24ac5b00-5f03-4c47-8e37-522d1195383e,Mistral Small 3.1,mistral-small-3-1,2025-03-17,126.096,0.283,0.283,b5c0639a-cc9c-443b-a07e-bae6b7088933,Mistral,mistral,14.4,13.9,3.7,0.659,0.454,0.048,0.212,0.265,0.707,0.093,0.037,0.299,0.197,0.076,0.251,0.15,0.1,0.3
0fec07d5-a9b2-407a-b5f8-5bf10bd86b59,Magistral Small 1,magistral-small,2025-06-10,0.0,0.0,0.0,b5c0639a-cc9c-443b-a07e-bae6b7088933,Mistral,mistral,16.8,11.1,41.3,0.746,0.641,0.072,0.514,0.241,0.963,0.713,0.413,0.248,0.0,0.045,0.266,0.0,0.0,0.0
1f05af98-1ec6-4506-a0b8-57a8c9b63878,Mistral Medium,mistral-medium,2023-12-11,97.059,0.372,0.372,b5c0639a-cc9c-443b-a07e-bae6b7088933,Mistral,mistral,9.0,,,0.491,0.349,0.034,0.099,0.118,0.405,0.037,,,,,,4.088,2.75,8.1
9eae4ec4-61b8-48bc-9843-3edd506ae933,Devstral Small (Jul '25),devstral-small,2025-07-10,234.327,0.35,0.35,b5c0639a-cc9c-443b-a07e-bae6b7088933,Mistral,mistral,15.2,12.1,29.3,0.622,0.414,0.037,0.254,0.243,0.635,0.003,0.293,0.346,0.17,0.061,0.284,0.15,0.1,0.3
cc1fa238-1a76-486d-a997-22309275eadd,Devstral Small (May '25),devstral-small-2505,2025-05-21,0.0,0.0,0.0,b5c0639a-cc9c-443b-a07e-bae6b7088933,Mistral,mistral,18.0,12.2,,0.632,0.434,0.04,0.258,0.245,0.684,0.067,,0.316,0.267,0.061,0.38,0.15,0.1,0.3
df95f83f-5ebb-466a-9d2d-b95efc8c012c,DeepSeek R1 Distill Qwen 32B,deepseek-r1-distill-qwen-32b,2025-01-20,56.681,0.248,35.533,58b835bf-4c87-4f87-a846-df4b692c6e7d,DeepSeek,deepseek,17.2,,63.0,0.739,0.615,0.055,0.27,0.376,0.941,0.687,0.63,0.229,0.097,,,0.27,0.27,0.27
43fc5506-c5ed-4dee-9b85-962bf7ae3986,DeepSeek V3 (Dec '24),deepseek-v3,2024-12-26,0.0,0.0,0.0,58b835bf-4c87-4f87-a846-df4b692c6e7d,DeepSeek,deepseek,16.4,16.4,26.0,0.752,0.557,0.036,0.359,0.354,0.887,0.253,0.26,0.348,0.29,0.068,0.228,0.625,0.4,0.89
b26ff709-1773-4595-ae44-78e0a5bac29c,DeepSeek R1 Distill Qwen 14B,deepseek-r1-distill-qwen-14b,2025-01-20,0.0,0.0,0.0,58b835bf-4c87-4f87-a846-df4b692c6e7d,DeepSeek,deepseek,15.8,,55.7,0.74,0.484,0.044,0.376,0.239,0.949,0.667,0.557,0.221,0.07,,,0.0,0.0,0.0
bc4579d2-9c46-46c3-ace0-454039bf21bb,DeepSeek-V2.5 (Dec '24),deepseek-v2-5,2024-12-10,0.0,0.0,0.0,58b835bf-4c87-4f87-a846-df4b692c6e7d,DeepSeek,deepseek,12.5,,,,,,,,0.763,,,,,,,0.0,0.0,0.0
8f0a75d6-8d00-4c2e-bcd4-8e88a570a93c,DeepSeek-Coder-V2,deepseek-coder-v2,2024-06-17,0.0,0.0,0.0,58b835bf-4c87-4f87-a846-df4b692c6e7d,DeepSeek,deepseek,10.6,,,,,,,,0.743,,,,,,,0.0,0.0,0.0
0e49fe2d-dd3c-4ae5-b56f-a1c89e14b89e,DeepSeek R1 Distill Llama 8B,deepseek-r1-distill-llama-8b,2025-01-20,0.0,0.0,0.0,58b835bf-4c87-4f87-a846-df4b692c6e7d,DeepSeek,deepseek,12.1,,41.3,0.543,0.302,0.042,0.233,0.119,0.853,0.333,0.413,0.176,0.0,,,0.0,0.0,0.0
7764d514-694f-444c-8d60-bdc6e24e223f,DeepSeek LLM 67B Chat (V1),deepseek-llm-67b-chat,2023-11-29,0.0,0.0,0.0,58b835bf-4c87-4f87-a846-df4b692c6e7d,DeepSeek,deepseek,8.4,,,,,,,,,,,,,,,0.0,0.0,0.0
444cdb1e-bab8-42cd-938c-b2d7a93e2da1,DeepSeek R1 Distill Qwen 1.5B,deepseek-r1-distill-qwen-1-5b,2025-01-20,0.0,0.0,0.0,58b835bf-4c87-4f87-a846-df4b692c6e7d,DeepSeek,deepseek,9.1,,22.0,0.269,0.098,0.033,0.07,0.066,0.687,0.177,0.22,0.132,0.003,,,0.0,0.0,0.0
75e1c197-f239-4361-a9d6-66dccfead236,DeepSeek V3 0324,deepseek-v3-0324,2025-03-25,0.0,0.0,0.0,58b835bf-4c87-4f87-a846-df4b692c6e7d,DeepSeek,deepseek,21.8,22.0,41.0,0.819,0.655,0.052,0.405,0.358,0.942,0.52,0.41,0.41,0.41,0.152,0.471,1.25,1.25,1.45
8a24865b-90d9-4e2b-a2fd-6851c2e9d627,DeepSeek-V2.5,deepseek-v2-5-sep-2024,2024-09-06,0.0,0.0,0.0,58b835bf-4c87-4f87-a846-df4b692c6e7d,DeepSeek,deepseek,12.3,,,,,,,,,,,,,,,0.0,0.0,0.0
fb65266f-5a7d-403c-85d5-ccdf0d1ca838,DeepSeek V3.1 (Non-reasoning),deepseek-v3-1,2025-08-21,0.0,0.0,0.0,58b835bf-4c87-4f87-a846-df4b692c6e7d,DeepSeek,deepseek,28.0,28.4,49.7,0.833,0.735,0.063,0.577,0.367,,,0.497,0.378,0.45,0.242,0.348,0.84,0.56,1.68
0e34f05c-387e-4968-be15-ccec4a55d8c1,DeepSeek R1 (Jan '25),deepseek-r1-0120,2025-01-20,0.0,0.0,0.0,58b835bf-4c87-4f87-a846-df4b692c6e7d,DeepSeek,deepseek,18.8,15.9,68.0,0.844,0.708,0.093,0.617,0.357,0.966,0.683,0.68,0.39,0.523,0.061,0.114,2.362,1.35,4.0
0a7dda4d-cc9c-4a90-abc1-abb5772c901b,DeepSeek V3.1 Terminus (Reasoning),deepseek-v3-1-terminus-reasoning,2025-09-22,0.0,0.0,0.0,58b835bf-4c87-4f87-a846-df4b692c6e7d,DeepSeek,deepseek,33.8,33.7,89.7,0.851,0.792,0.152,0.798,0.406,,,0.897,0.57,0.65,0.303,0.371,0.8,0.4,2.0
dfb9292d-bc7c-4425-a260-4256217e709f,DeepSeek V3.1 Terminus (Non-reasoning),deepseek-v3-1-terminus,2025-09-22,0.0,0.0,0.0,58b835bf-4c87-4f87-a846-df4b692c6e7d,DeepSeek,deepseek,28.4,31.9,53.7,0.836,0.751,0.084,0.529,0.321,,,0.537,0.412,0.433,0.318,0.371,0.626,0.335,1.5
07c35e00-2b12-44c8-91cc-408629cd569e,DeepSeek V3.2 Exp (Non-reasoning),deepseek-v3-2-0925,2025-09-29,49.503,1.294,1.294,58b835bf-4c87-4f87-a846-df4b692c6e7d,DeepSeek,deepseek,28.3,30.0,57.7,0.836,0.738,0.086,0.554,0.399,,,0.577,0.431,0.43,0.25,0.339,0.315,0.28,0.42
198b717f-42c8-4ab7-a699-ae9373d669d3,DeepSeek V3.1 (Reasoning),deepseek-v3-1-reasoning,2025-08-21,0.0,0.0,0.0,58b835bf-4c87-4f87-a846-df4b692c6e7d,DeepSeek,deepseek,27.6,29.7,89.7,0.851,0.779,0.13,0.784,0.391,,,0.897,0.415,0.533,0.25,0.374,0.865,0.59,1.69
af134350-8ba3-4629-b56b-00bd6dcf60c4,DeepSeek V3.2 Exp (Reasoning),deepseek-v3-2-reasoning-0925,2025-09-29,49.457,1.192,41.631,58b835bf-4c87-4f87-a846-df4b692c6e7d,DeepSeek,deepseek,32.9,33.3,87.7,0.85,0.797,0.138,0.789,0.377,,,0.877,0.541,0.69,0.311,0.339,0.315,0.28,0.42
c7327e6e-b27f-4b1b-859d-159a34e0ba1c,DeepSeek Coder V2 Lite Instruct,deepseek-coder-v2-lite,2024-06-17,0.0,0.0,0.0,58b835bf-4c87-4f87-a846-df4b692c6e7d,DeepSeek,deepseek,8.5,,,0.429,0.319,0.053,0.158,0.139,,,,,,,,0.0,0.0,0.0
2d19c2d1-062d-436e-b2c2-3d3ecad34acc,DeepSeek-V2-Chat,deepseek-v2,2024-05-06,0.0,0.0,0.0,58b835bf-4c87-4f87-a846-df4b692c6e7d,DeepSeek,deepseek,9.1,,,,,,,,,,,,,,,0.0,0.0,0.0
5ec4a0db-da66-4e46-9682-fceeed755ef8,Sonar,sonar,2025-01-21,121.69,1.267,1.267,941fc0f0-1d4e-405a-95b2-2d49494e0e6c,Perplexity,perplexity,15.5,,,0.689,0.471,0.073,0.295,0.229,0.817,0.487,,,,,,1.0,1.0,1.0
3435db18-9227-45a5-8e79-9546b14b5aaa,Sonar Pro,sonar-pro,2025-01-21,111.86,1.323,1.323,941fc0f0-1d4e-405a-95b2-2d49494e0e6c,Perplexity,perplexity,15.2,,,0.755,0.578,0.079,0.275,0.226,0.745,0.29,,,,,,6.0,3.0,15.0
04751bd4-0c5d-416b-a5f2-83727c5bfcda,Sonar Reasoning,sonar-reasoning,2025-01-28,0.0,0.0,0.0,941fc0f0-1d4e-405a-95b2-2d49494e0e6c,Perplexity,perplexity,17.9,,,,0.623,,,,0.921,0.77,,,,,,0.0,0.0,0.0
1edc272c-d799-44d6-909a-bf3c1909a3a0,Sonar Reasoning Pro,sonar-reasoning-pro,2025-01-28,0.0,0.0,0.0,941fc0f0-1d4e-405a-95b2-2d49494e0e6c,Perplexity,perplexity,24.6,,,,,,,,0.957,0.79,,,,,,0.0,0.0,0.0
a04f5b78-f397-4fd8-a2b1-00dcab50324c,Grok Beta,grok-beta,2024-08-13,0.0,0.0,0.0,a1e3ddcf-d3e4-44a5-9e8f-029a69850875,xAI,xai,13.3,,,0.703,0.471,0.047,0.241,0.295,0.737,0.103,,,,,,0.0,0.0,0.0
ec3b22e6-48ac-416a-b4ae-55565a4f3046,Grok 3 Reasoning Beta,grok-3-reasoning,2025-02-19,0.0,0.0,0.0,a1e3ddcf-d3e4-44a5-9e8f-029a69850875,xAI,xai,21.6,,,,,,,,,,,,,,,0.0,0.0,0.0
2443ac9e-a3db-423d-accb-8963f6fb0a53,Grok 3,grok-3,2025-02-19,68.073,0.751,0.751,a1e3ddcf-d3e4-44a5-9e8f-029a69850875,xAI,xai,25.0,19.8,58.0,0.799,0.693,0.051,0.425,0.368,0.87,0.33,0.58,0.469,0.547,0.114,0.488,6.0,3.0,15.0
2dbb6dc7-8c40-4b6d-af9c-cf805f83b79a,Grok 4 Fast (Non-reasoning),grok-4-fast,2025-09-19,160.65,0.696,0.696,a1e3ddcf-d3e4-44a5-9e8f-029a69850875,xAI,xai,22.6,19.0,41.3,0.73,0.606,0.05,0.401,0.329,,,0.413,0.377,0.2,0.121,0.637,0.275,0.2,0.5
573bbd93-114c-4b71-9ede-a73a7d4bdf84,Grok 4 Fast (Reasoning),grok-4-fast-reasoning,2025-09-19,214.134,4.317,4.317,a1e3ddcf-d3e4-44a5-9e8f-029a69850875,xAI,xai,34.9,27.4,89.7,0.85,0.847,0.17,0.832,0.442,,,0.897,0.505,0.647,0.189,0.658,0.275,0.2,0.5
291a510a-dcc0-40df-8a80-b3aa31900a6c,Grok 2 (Dec '24),grok-2-1212,2024-12-12,0.0,0.0,0.0,a1e3ddcf-d3e4-44a5-9e8f-029a69850875,xAI,xai,13.9,,,0.709,0.51,0.038,0.267,0.285,0.778,0.133,,,,,,0.0,0.0,0.0
ec60e57e-76d3-42e3-a0e3-80662225a639,OpenChat 3.5 (1210),openchat-35,2023-12-18,0.0,0.0,0.0,14b780e1-14fb-4aae-af03-ae2d99699bb1,OpenChat,openchat,8.3,,,0.31,0.23,0.048,0.115,,0.307,0.0,,,,,,0.0,0.0,0.0
546ec53f-273c-4af7-b13f-b88c41f45905,Nova Pro,nova-pro,2024-12-03,0.0,0.0,0.0,bb5a4e55-7969-4ab4-8702-3b9fd6547dc2,Amazon,aws,13.5,11.0,7.0,0.691,0.499,0.034,0.233,0.208,0.786,0.107,0.07,0.381,0.19,0.061,0.14,1.4,0.8,3.2
5c3dd927-48a3-4f3c-8045-9b135f62dfbb,Nova Lite,nova-lite,2024-12-03,234.85,0.38,0.38,bb5a4e55-7969-4ab4-8702-3b9fd6547dc2,Amazon,aws,12.4,5.1,7.0,0.59,0.433,0.046,0.167,0.139,0.765,0.107,0.07,0.341,0.177,0.008,0.175,0.105,0.06,0.24
ded8d96e-835f-4359-947a-a4c3bb78e983,Phi-3 Mini Instruct 3.8B,phi-3-mini,2024-04-23,0.0,0.0,0.0,ef5ce458-9986-4652-915a-e31fac5506b0,Microsoft Azure,azure,10.1,3.0,0.3,0.435,0.319,0.044,0.116,0.09,0.457,0.04,0.003,0.239,0.02,0.0,0.0,0.228,0.13,0.52
1299b9a8-af50-4742-a58b-24ff7eb48f9f,LFM 40B,lfm-40b,2024-09-30,0.0,0.0,0.0,5b1886c4-43ba-4007-b840-9d21a2b7d42c,Liquid AI,liquidai,8.8,,,0.425,0.327,0.049,0.096,0.071,0.48,0.023,,,,,,0.0,0.0,0.0
0faadeeb-320c-45cf-9c76-5f8768f342e6,LFM2 1.2B,lfm2-1-2b,2025-07-10,0.0,0.0,0.0,5b1886c4-43ba-4007-b840-9d21a2b7d42c,Liquid AI,liquidai,6.4,0.8,3.3,0.257,0.228,0.057,0.02,0.025,,,0.033,0.22,0.0,0.0,0.126,0.0,0.0,0.0
d97713f2-afa6-4f8d-b2f3-ac89a24c4d6c,Solar Mini,solar-mini,2024-01-25,82.708,1.457,1.457,64ff7f06-c6fb-42ea-ba24-9cd103ab2d61,Upstage,upstage,8.0,,,,,,,,0.331,,,,,,0.202,0.15,0.15,0.15
8e78cf7a-5b76-4beb-beba-b99c6233b208,Solar Pro 2 (Preview) (Reasoning),solar-pro-2-preview-reasoning,2025-05-20,0.0,0.0,0.0,64ff7f06-c6fb-42ea-ba24-9cd103ab2d61,Upstage,upstage,18.8,,,0.768,0.578,0.057,0.462,0.164,0.9,0.663,,,,,,0.0,0.0,0.0
432d6c36-8825-47f3-b4eb-58529cea346b,Solar Pro 2 (Preview) (Non-reasoning),solar-pro-2-preview,2025-05-20,0.0,0.0,0.0,64ff7f06-c6fb-42ea-ba24-9cd103ab2d61,Upstage,upstage,16.0,,,0.725,0.544,0.038,0.385,0.272,0.871,0.297,,,,,,0.0,0.0,0.0
1cb96708-f6c1-4668-9804-5db6ecac01ed,DBRX Instruct,dbrx,2024-03-27,0.0,0.0,0.0,650e5ce8-a549-4207-bbd4-9c4815bc2d49,Databricks,databricks,8.3,,,0.397,0.331,0.066,0.093,0.118,0.279,0.03,,,,,,0.0,0.0,0.0
272ff333-442f-4169-a804-ac9177bc99d7,MiniMax-M2.1,minimax-m2-1,2025-12-23,60.079,2.764,36.054,a31a9071-6144-4dbb-92dc-2e02d653ecea,MiniMax,minimax,39.5,32.8,82.7,0.875,0.83,0.222,0.81,0.407,,,0.827,0.699,0.59,0.288,0.854,0.525,0.3,1.2
f74ea286-cd29-4eb4-af14-1389b19c21e5,MiniMax-M2,minimax-m2,2025-10-26,61.285,2.161,34.796,a31a9071-6144-4dbb-92dc-2e02d653ecea,MiniMax,minimax,36.0,29.2,78.3,0.82,0.777,0.125,0.826,0.361,,,0.783,0.723,0.61,0.258,0.868,0.525,0.3,1.2
9ca246a7-cf13-42c9-9182-5b5ad6b79026,MiniMax M1 80k,minimax-m1-80k,2025-06-17,0.0,0.0,0.0,a31a9071-6144-4dbb-92dc-2e02d653ecea,MiniMax,minimax,24.3,14.5,61.0,0.816,0.697,0.082,0.711,0.374,0.98,0.847,0.61,0.418,0.543,0.03,0.342,0.963,0.55,2.2
385376b1-9815-47dd-83cc-85aac34f247d,MiniMax M1 40k,minimax-m1-40k,2025-06-17,0.0,0.0,0.0,a31a9071-6144-4dbb-92dc-2e02d653ecea,MiniMax,minimax,20.9,14.1,13.7,0.808,0.682,0.075,0.657,0.378,0.972,0.813,0.137,0.412,0.517,0.023,0.316,0.0,0.0,0.0
bddebfd3-0a8d-47f5-b722-bc4c2ca5a5dc,Kimi K2 Thinking,kimi-k2-thinking,2025-11-06,76.72,0.633,26.702,0a177021-87dd-4250-9a37-f01df196bfe0,Kimi,kimi,40.7,34.8,94.7,0.848,0.838,0.223,0.853,0.424,,,0.947,0.681,0.663,0.311,0.93,1.075,0.6,2.5
441734a9-8901-4850-9bae-b474c370291f,Kimi K2,kimi-k2,2025-07-11,39.671,0.594,0.594,0a177021-87dd-4250-9a37-f01df196bfe0,Kimi,kimi,26.2,22.1,57.0,0.824,0.766,0.07,0.556,0.345,0.971,0.693,0.57,0.415,0.51,0.159,0.611,1.075,0.6,2.5
66445f84-b2e3-4202-afdc-92ba0f0e5f36,Kimi K2 0905,kimi-k2-0905,2025-09-05,62.369,0.509,0.509,0a177021-87dd-4250-9a37-f01df196bfe0,Kimi,kimi,30.8,25.9,57.3,0.819,0.767,0.063,0.61,0.307,,,0.573,0.417,0.523,0.235,0.734,1.2,0.99,2.5
f73f4711-9c61-40a7-a258-b71c14727f53,Llama 3.1 Tulu3 405B,tulu3-405b,2025-01-30,0.0,0.0,0.0,ab6c5270-d7b9-4c09-92fe-62662618c631,Allen Institute for AI,ai2,14.1,,,0.716,0.516,0.035,0.291,0.302,0.778,0.133,,,,,,0.0,0.0,0.0
54442579-2a4d-40cc-b264-bc4ff29e311a,OLMo 2 32B,olmo-2-32b,2025-03-13,0.0,0.0,0.0,ab6c5270-d7b9-4c09-92fe-62662618c631,Allen Institute for AI,ai2,10.6,2.7,3.3,0.511,0.328,0.037,0.068,0.08,,,0.033,0.381,0.0,0.0,0.0,0.0,0.0,0.0
c8a3fa87-735e-49a9-afb1-270c5e9f53f7,Olmo 3 32B Think,olmo-3-32b-think,2025-11-20,0.0,0.0,0.0,ab6c5270-d7b9-4c09-92fe-62662618c631,Allen Institute for AI,ai2,12.0,10.5,73.7,0.759,0.61,0.059,0.672,0.286,,,0.737,0.491,0.0,0.015,0.0,0.0,0.0,0.0
f818a7bb-6f23-4b24-8d52-6b9c1a5ca628,OLMo 2 7B,olmo-2-7b,2024-11-26,0.0,0.0,0.0,ab6c5270-d7b9-4c09-92fe-62662618c631,Allen Institute for AI,ai2,9.3,1.2,0.7,0.282,0.288,0.055,0.041,0.037,,,0.007,0.244,0.0,0.0,0.0,0.0,0.0,0.0
2cff73da-4855-403c-afc9-5540feadcc15,Granite 3.3 8B (Non-reasoning),granite-3-3-8b-instruct,2025-04-16,579.429,9.114,9.114,512ef1e4-e02e-4532-a5f2-d11a40962498,IBM,ibm,6.8,3.4,6.7,0.468,0.338,0.042,0.127,0.101,0.665,0.047,0.067,0.224,0.043,0.0,0.105,0.085,0.03,0.25
a971b0c0-4c0f-484a-b018-e36b5be3409e,Reka Flash (Sep '24),reka-flash,2024-10-04,67.965,1.313,1.313,4571a280-f096-486f-b220-dffc3e522b0f,Reka AI,reka-ai,12.0,,,,,,,,0.529,,,,,,,0.35,0.2,0.8
1dcea4f7-7e8b-49f8-abe2-5860ff9f349e,Hermes 3 - Llama-3.1 70B,hermes-3-llama-3-1-70b,2024-08-15,35.4,0.29,0.29,0a2f41cc-2cbc-4949-be54-9fef1319d4a9,Nous Research,nous-research,10.6,,,0.571,0.401,0.041,0.188,0.231,0.538,0.023,,,,,,0.3,0.3,0.3
be185709-ddb4-4268-9597-856464359b25,MiMo-V2-Flash (Reasoning),mimo-v2-flash-reasoning,2025-12-16,168.239,1.201,13.089,5147c8b4-61d5-4070-9324-8adf8aa144c2,Xiaomi,xiaomi,39.2,31.8,96.3,0.843,0.846,0.211,0.868,0.394,,,0.963,0.642,0.63,0.28,0.95,0.15,0.1,0.3
6fc35842-0165-44cf-8570-c484a92b3d8c,GLM-4.7 (Reasoning),glm-4-7,2025-12-22,159.203,0.648,13.21,67437eb6-7dc1-4e93-befd-22c8b8ec2065,Z AI,zai,42.0,36.3,95.0,0.856,0.859,0.251,0.894,0.451,,,0.95,0.679,0.64,0.318,0.959,0.938,0.55,2.15
81b6ddfc-111e-4422-bd44-42ee6165b699,GLM-4.7 (Non-reasoning),glm-4-7-non-reasoning,2025-12-22,135.802,0.567,0.567,67437eb6-7dc1-4e93-befd-22c8b8ec2065,Z AI,zai,34.1,32.0,48.0,0.794,0.664,0.061,0.562,0.354,,,0.48,0.546,0.363,0.303,0.942,0.938,0.55,2.15
1cf439b8-0cfd-47b2-9de2-9a2157e6762b,GLM-4.5 (Reasoning),glm-4.5,2025-07-28,45.636,0.902,44.727,67437eb6-7dc1-4e93-befd-22c8b8ec2065,Z AI,zai,26.2,26.3,73.7,0.835,0.782,0.122,0.738,0.348,0.979,0.873,0.737,0.441,0.483,0.22,0.43,0.843,0.49,1.9
5d303dc9-c027-401f-9803-4e9aa3331007,GLM-4.5-Air,glm-4-5-air,2025-07-28,262.472,0.95,8.57,67437eb6-7dc1-4e93-befd-22c8b8ec2065,Z AI,zai,23.2,23.8,80.7,0.815,0.733,0.068,0.684,0.306,0.965,0.673,0.807,0.376,0.437,0.205,0.465,0.425,0.2,1.1
946e7aab-db1c-4c3f-b0b3-7720d0cff187,GLM-4.6 (Non-reasoning),glm-4-6,2025-09-30,98.365,1.713,1.713,67437eb6-7dc1-4e93-befd-22c8b8ec2065,Z AI,zai,30.1,30.2,44.3,0.784,0.632,0.052,0.561,0.331,,,0.443,0.367,0.263,0.288,0.769,1.0,0.6,2.2
6a5d56e1-bb68-4205-8d9b-26b97888bc84,GLM-4.6 (Reasoning),glm-4-6-reasoning,2025-09-30,109.386,0.575,18.859,67437eb6-7dc1-4e93-befd-22c8b8ec2065,Z AI,zai,32.5,29.5,86.0,0.829,0.78,0.133,0.695,0.384,,,0.86,0.434,0.543,0.25,0.705,0.981,0.575,2.2
3068def4-7270-4c06-a320-6f6a5623d564,GLM-4.5V (Reasoning),glm-4-5v-reasoning,2025-08-11,56.481,1.062,36.473,67437eb6-7dc1-4e93-befd-22c8b8ec2065,Z AI,zai,14.9,10.9,73.0,0.788,0.684,0.059,0.604,0.221,,,0.73,0.342,0.0,0.053,0.225,0.9,0.6,1.8
0081ab31-d10a-44a0-a10d-eee5533fec65,GLM-4.5V (Non-reasoning),glm-4-5v,2025-08-11,53.316,1.107,1.107,67437eb6-7dc1-4e93-befd-22c8b8ec2065,Z AI,zai,12.5,10.8,15.3,0.751,0.573,0.036,0.352,0.188,,,0.153,0.286,0.0,0.068,0.196,0.9,0.6,1.8
76361085-f5dc-49ec-b069-fe56ca885933,Command-R+ (Apr '24),command-r-plus-04-2024,2024-04-04,0.0,0.0,0.0,671d3708-c407-4b8f-b350-f728e4689d26,Cohere,cohere,8.3,,,0.432,0.323,0.045,0.122,0.118,0.279,0.007,,,,,,6.0,3.0,15.0
abe9f0c7-f4f6-430d-ba42-f45afdd4841b,Command-R (Mar '24),command-r-03-2024,2024-03-12,0.0,0.0,0.0,671d3708-c407-4b8f-b350-f728e4689d26,Cohere,cohere,7.4,,,0.338,0.284,0.048,0.048,0.062,0.164,0.007,,,,,,0.75,0.5,1.5
ac1031bc-c53e-4af7-9c6e-2005e0ff44fa,Apriel-v1.5-15B-Thinker,apriel-v1-5-15b-thinker,2025-09-30,150.245,0.178,13.49,7cc4f2b0-7e34-4459-82fd-667e93ca7f17,ServiceNow,servicenow,28.3,18.7,87.5,0.773,0.713,0.12,0.728,0.348,,,0.875,0.617,0.2,0.106,0.684,0.0,0.0,0.0
b4ddb4c8-1400-44ab-8c2b-e2472088e7ff,Jamba 1.5 Large,jamba-1-5-large,2024-08-22,0.0,0.0,0.0,6216c686-bc60-4dbb-9f25-83e9dba803d1,AI21 Labs,ai21-labs,10.7,,,0.572,0.427,0.04,0.143,0.163,0.606,0.047,,,,,,3.5,2.0,8.0
540ebc58-a2d8-4dc9-ba6b-973efa52fab1,Jamba 1.5 Mini,jamba-1-5-mini,2024-08-22,0.0,0.0,0.0,6216c686-bc60-4dbb-9f25-83e9dba803d1,AI21 Labs,ai21-labs,8.0,,,0.371,0.302,0.051,0.062,0.08,0.357,0.01,,,,,,0.25,0.2,0.4
e8ffd75b-766f-4551-8c52-6e54706220eb,Jamba 1.6 Mini,jamba-1-6-mini,2025-03-06,180.872,0.652,0.652,6216c686-bc60-4dbb-9f25-83e9dba803d1,AI21 Labs,ai21-labs,7.9,,,0.367,0.3,0.046,0.071,0.101,0.257,0.033,,,,,,0.25,0.2,0.4
92b19c88-fa87-4595-957e-fe9aa5fa5ad4,Jamba 1.6 Large,jamba-1-6-large,2025-03-06,54.303,0.798,0.798,6216c686-bc60-4dbb-9f25-83e9dba803d1,AI21 Labs,ai21-labs,10.6,,,0.565,0.387,0.04,0.172,0.184,0.58,0.047,,,,,,3.5,2.0,8.0
b3735511-c6ff-4928-8d72-2181444a4eb3,Arctic Instruct,arctic-instruct,2024-04-24,0.0,0.0,0.0,15568026-a4e1-4088-9709-566d3fb3aee1,Snowflake,snowflake,8.8,,,,,,,,,,,,,,,0.0,0.0,0.0
b9dc72c6-7bea-4936-a55a-4b0c835fc755,Qwen2.5 Max,qwen-2-5-max,2025-01-28,40.74,1.06,1.06,d874d370-74d3-4fa0-ba00-5272f92f946b,Alibaba,alibaba,16.3,,,0.762,0.587,0.045,0.359,0.337,0.835,0.233,,,,,,2.8,1.6,6.4
b4f7d7a4-869a-4ee7-b17a-4046cd1e79fd,Qwen2.5 Instruct 72B,qwen2-5-72b-instruct,2024-09-19,45.511,1.011,1.011,d874d370-74d3-4fa0-ba00-5272f92f946b,Alibaba,alibaba,15.6,11.9,14.0,0.72,0.491,0.042,0.276,0.267,0.858,0.16,0.14,0.369,0.203,0.045,0.345,0.0,0.0,0.0
04586102-6a28-48f8-a82e-85775d7ed779,Qwen2.5 Coder Instruct 32B,qwen2-5-coder-32b-instruct,2024-11-11,44.995,0.485,0.485,d874d370-74d3-4fa0-ba00-5272f92f946b,Alibaba,alibaba,12.9,,,0.635,0.417,0.038,0.295,0.271,0.767,0.12,,,,,,0.141,0.13,0.175
352f834f-a03c-4117-8a29-c3ccd8a568ce,Qwen2.5 Turbo,qwen-turbo,2024-11-18,68.039,0.98,0.98,d874d370-74d3-4fa0-ba00-5272f92f946b,Alibaba,alibaba,12.0,,,0.633,0.41,0.042,0.163,0.153,0.805,0.12,,,,,,0.087,0.05,0.2
7656c62b-5345-435b-bf12-b6ce2ca0d58d,Qwen2 Instruct 72B,qwen2-72b-instruct,2024-06-07,0.0,0.0,0.0,d874d370-74d3-4fa0-ba00-5272f92f946b,Alibaba,alibaba,11.7,,,0.622,0.371,0.037,0.159,0.229,0.701,0.147,,,,,,0.0,0.0,0.0
bf60740e-6aa5-422f-ba49-ef6e9d171205,Qwen3 32B (Non-reasoning),qwen3-32b-instruct,2025-04-28,89.153,0.945,0.945,d874d370-74d3-4fa0-ba00-5272f92f946b,Alibaba,alibaba,14.5,,19.7,0.727,0.535,0.043,0.288,0.28,0.869,0.303,0.197,0.315,0.0,,,1.225,0.7,2.8
ceb4d610-d0a4-48c1-bea0-80ed76f1e5ca,QwQ 32B,qwq-32b,2025-03-05,29.593,0.494,84.669,d874d370-74d3-4fa0-ba00-5272f92f946b,Alibaba,alibaba,19.7,,29.0,0.764,0.593,0.082,0.631,0.358,0.957,0.78,0.29,0.388,0.25,,,0.473,0.43,0.6
e46198a7-cd29-4afd-933d-cdf180f0f305,Qwen3 4B (Non-reasoning),qwen3-4b-instruct,2025-04-28,0.0,0.0,0.0,d874d370-74d3-4fa0-ba00-5272f92f946b,Alibaba,alibaba,12.5,,,0.586,0.398,0.037,0.233,0.167,0.843,0.213,,,,,,0.188,0.11,0.42
4559e9f0-8aad-4681-89fb-68cb915e0f16,Qwen3 14B (Reasoning),qwen3-14b-instruct-reasoning,2025-04-28,57.87,0.994,35.554,d874d370-74d3-4fa0-ba00-5272f92f946b,Alibaba,alibaba,16.2,13.1,55.7,0.774,0.604,0.043,0.523,0.316,0.961,0.763,0.557,0.405,0.0,0.038,0.345,1.313,0.35,4.2
1d0db5a3-3132-4213-a94b-c2e395d08283,Qwen2.5 Instruct 32B,qwen2.5-32b-instruct,2024-09-19,0.0,0.0,0.0,d874d370-74d3-4fa0-ba00-5272f92f946b,Alibaba,alibaba,13.2,,,0.697,0.466,0.038,0.248,0.229,0.805,0.11,,,,,,0.0,0.0,0.0
3e6cf518-a1f4-42d3-8fcf-827c9bd8e6d5,Qwen3 30B A3B (Reasoning),qwen3-30b-a3b-instruct-reasoning,2025-04-28,70.656,0.953,29.259,d874d370-74d3-4fa0-ba00-5272f92f946b,Alibaba,alibaba,15.3,11.0,72.3,0.777,0.616,0.066,0.506,0.285,0.959,0.753,0.723,0.415,0.0,0.023,0.26,0.75,0.2,2.4
e410e854-104d-4b35-a171-899ff9d974bb,Qwen2.5 Coder Instruct 7B ,qwen2-5-coder-7b-instruct,2024-09-19,0.0,0.0,0.0,d874d370-74d3-4fa0-ba00-5272f92f946b,Alibaba,alibaba,10.0,,,0.473,0.339,0.048,0.126,0.148,0.66,0.053,,,,,,0.0,0.0,0.0
43573c57-2403-46fb-af4b-a93de9a0c3f5,Qwen3 235B A22B (Non-reasoning),qwen3-235b-a22b-instruct,2025-04-28,43.157,1.073,1.073,d874d370-74d3-4fa0-ba00-5272f92f946b,Alibaba,alibaba,16.9,14.0,23.7,0.762,0.613,0.047,0.343,0.299,0.902,0.327,0.237,0.366,0.0,0.061,0.272,1.225,0.7,2.8
bbe6d782-e630-48d5-b11c-3ce37f373f1e,Qwen3 235B A22B (Reasoning),qwen3-235b-a22b-instruct-reasoning,2025-04-28,51.764,1.148,39.786,d874d370-74d3-4fa0-ba00-5272f92f946b,Alibaba,alibaba,19.8,17.4,82.0,0.828,0.7,0.117,0.622,0.399,0.93,0.84,0.82,0.387,0.0,0.061,0.24,2.625,0.7,8.4
41f73c27-880c-4f30-8b07-9999ce89a4ae,Qwen Chat 72B,qwen-chat-72b,2023-11-30,0.0,0.0,0.0,d874d370-74d3-4fa0-ba00-5272f92f946b,Alibaba,alibaba,8.8,,,,,,,,,,,,,,,0.0,0.0,0.0
b00ecd62-a53f-4aed-b833-3e9d6b0170ba,Qwen3 32B (Reasoning),qwen3-32b-instruct-reasoning,2025-04-28,92.921,1.018,22.542,d874d370-74d3-4fa0-ba00-5272f92f946b,Alibaba,alibaba,16.5,13.8,73.0,0.798,0.668,0.083,0.546,0.354,0.961,0.807,0.73,0.363,0.0,0.03,0.298,2.625,0.7,8.4
191a2097-cce3-49cf-881e-0c790892059f,Qwen3 4B (Reasoning),qwen3-4b-instruct-reasoning,2025-04-28,0.0,0.0,0.0,d874d370-74d3-4fa0-ba00-5272f92f946b,Alibaba,alibaba,14.2,,22.3,0.696,0.522,0.051,0.465,0.035,0.933,0.657,0.223,0.325,0.0,,0.19,0.398,0.11,1.26
d1768b3a-0a21-4e08-b3f6-56a9ab6cfbf3,Qwen1.5 Chat 110B,qwen1.5-110b-chat,2024-04-25,0.0,0.0,0.0,d874d370-74d3-4fa0-ba00-5272f92f946b,Alibaba,alibaba,9.5,,,,0.289,,,,,,,,,,,0.0,0.0,0.0
8823351e-8232-4c9c-8a1d-cd2c1d2c1196,QwQ 32B-Preview,QwQ-32B-Preview,2024-11-27,55.893,0.271,36.053,d874d370-74d3-4fa0-ba00-5272f92f946b,Alibaba,alibaba,15.2,,,0.648,0.557,0.048,0.337,0.038,0.91,0.453,,,,,,0.135,0.12,0.18
5b2beb12-81a9-47a1-8a2a-d0a727185b50,Qwen3 Max (Preview),qwen3-max-preview,2025-09-05,51.29,1.746,1.746,d874d370-74d3-4fa0-ba00-5272f92f946b,Alibaba,alibaba,25.9,25.5,75.0,0.838,0.764,0.093,0.651,0.37,,,0.75,0.48,0.397,0.197,0.327,2.4,1.2,6.0
9dba61f5-78ee-4190-8d1d-8e7063ffd386,Qwen3 8B (Reasoning),qwen3-8b-instruct-reasoning,2025-04-28,79.181,0.944,26.203,d874d370-74d3-4fa0-ba00-5272f92f946b,Alibaba,alibaba,13.1,9.0,19.0,0.743,0.589,0.042,0.406,0.226,0.904,0.747,0.19,0.335,0.0,0.023,0.278,0.66,0.18,2.1
b2dd592a-fbc5-458a-b26d-f3964cbab82f,Qwen3 8B (Non-reasoning),qwen3-8b-instruct,2025-04-28,77.703,0.917,0.917,d874d370-74d3-4fa0-ba00-5272f92f946b,Alibaba,alibaba,10.6,7.1,24.3,0.643,0.452,0.028,0.202,0.168,0.828,0.243,0.243,0.286,0.0,0.023,0.249,0.31,0.18,0.7
ecc6524a-d521-458a-8327-5009e8ce6549,Qwen3 14B (Non-reasoning),qwen3-14b-instruct,2025-04-28,53.149,0.936,0.936,d874d370-74d3-4fa0-ba00-5272f92f946b,Alibaba,alibaba,12.7,12.4,58.0,0.675,0.47,0.042,0.28,0.265,0.871,0.28,0.58,0.239,0.0,0.053,0.322,0.613,0.35,1.4
f3169f25-8c6f-48e4-ae87-0cf872dc0ec1,Qwen3 30B A3B (Non-reasoning),qwen3-30b-a3b-instruct,2025-04-28,63.123,0.988,0.988,d874d370-74d3-4fa0-ba00-5272f92f946b,Alibaba,alibaba,12.4,13.3,21.7,0.71,0.515,0.046,0.322,0.264,0.863,0.26,0.217,0.319,0.0,0.068,0.222,0.35,0.2,0.8
5c6533f3-75a2-4109-b9a9-3623afc6b86a,Seed-OSS-36B-Instruct,seed-oss-36b-instruct,2025-08-20,31.979,1.585,64.127,2354746c-4775-4a06-b64d-0ba4137785b8,ByteDance Seed,bytedance_seed,25.0,16.7,84.7,0.815,0.726,0.091,0.765,0.365,,,0.847,0.419,0.577,0.068,0.494,0.3,0.21,0.57
