id,name,slug,release_date,model_creator_id,model_creator_name,elo,rank,ci95,appearances,category_style_anime_elo,category_style_anime_ci95,category_style_anime_appearances,category_style_cartoon_illustration_elo,category_style_cartoon_illustration_ci95,category_style_cartoon_illustration_appearances,category_style_general_photorealistic_elo,category_style_general_photorealistic_ci95,category_style_general_photorealistic_appearances,category_style_graphic_design_digital_rendering_elo,category_style_graphic_design_digital_rendering_ci95,category_style_graphic_design_digital_rendering_appearances,category_style_traditional_art_elo,category_style_traditional_art_ci95,category_style_traditional_art_appearances,category_style_vintage_retro_elo,category_style_vintage_retro_ci95,category_style_vintage_retro_appearances,category_subject_commercial_elo,category_subject_commercial_ci95,category_subject_commercial_appearances,category_subject_fantasy_mythical_elo,category_subject_fantasy_mythical_ci95,category_subject_fantasy_mythical_appearances,category_subject_futuristic_sci_fi_elo,category_subject_futuristic_sci_fi_ci95,category_subject_futuristic_sci_fi_appearances,category_subject_nature_landscapes_elo,category_subject_nature_landscapes_ci95,category_subject_nature_landscapes_appearances,category_subject_people_groups_activities_elo,category_subject_people_groups_activities_ci95,category_subject_people_groups_activities_appearances,category_subject_people_portraits_elo,category_subject_people_portraits_ci95,category_subject_people_portraits_appearances,category_subject_physical_spaces_elo,category_subject_physical_spaces_ci95,category_subject_physical_spaces_appearances,category_subject_text_typography_elo,category_subject_text_typography_ci95,category_subject_text_typography_appearances,category_subject_ui_ux_design_elo,category_subject_ui_ux_design_ci95,category_subject_ui_ux_design_appearances
a1ee4d6f-d136-434b-bb1d-066fe5f9bf6f,GPT Image 1.5 (high),openai-gpt_image-1-5,2025-12,e67e56e3-15cd-43db-b679-da4660a69f41,OpenAI,1265,1,-12/12,4386,1259.0,-40/40,407.0,1255.0,-39/39,407.0,1278,-18/18,1750,1229,-23/23,1179,1377.0,-46/46,320.0,1305.0,-55/55,253.0,1219.0,-45/45,293.0,1313,-32/32,674,1264,-32/32,579,1251,-35/35,470,1333.0,-37/37,497.0,1289,-34/34,545,1213,-32/32,562,1216.0,-55/55,197.0,1261.0,-79/79,136.0
ae424391-721f-4df7-bf24-a8bef3c4c46c,Riverflow 2.0,sourceful_riverflow-2,2026-02,71724fa8-622e-455f-aaa2-ef3c5a067f8b,Sourceful,1261,2,-11/11,4590,1225.0,-38/38,411.0,1246.0,-38/38,406.0,1300,-18/18,1865,1214,-22/22,1238,1331.0,-40/40,368.0,1247.0,-52/52,240.0,1268.0,-50/50,261.0,1283,-29/29,730,1251,-31/31,603,1257,-34/34,502,1333.0,-35/35,546.0,1308,-34/34,588,1224,-31/31,631,1193.0,-53/53,212.0,1244.0,-82/82,131.0
6a5056eb-6854-43c4-bf18-01d185ce9e2f,Nano Banana Pro (Gemini 3 Pro Image),gemini_nano-banana-pro,2025-11,faddc6d9-2c14-445f-9b28-56726f59c793,Google,1222,3,-12/12,3499,1163.0,-42/42,304.0,1235.0,-41/41,327.0,1265,-20/20,1411,1170,-23/23,948,1261.0,-45/45,258.0,1265.0,-61/61,181.0,1219.0,-49/49,236.0,1231,-31/31,548,1194,-33/33,478,1223,-37/37,378,1344.0,-40/40,401.0,1213,-35/35,428,1212,-34/34,474,,,,,,
6a398b55-7f36-4039-bbbf-2045ef8ab525,FLUX.2 [max],black_forest_labs_flux-2-max,2025-12,d427ad30-eba3-4945-857a-4eb0ead82e87,Black Forest Labs,1210,4,-13/13,3047,1214.0,-48/48,257.0,1265.0,-49/49,269.0,1221,-21/21,1242,1188,-26/26,838,1201.0,-45/45,249.0,,,,1247.0,-58/58,196.0,1233,-34/34,487,1222,-39/39,393,1180,-40/40,331,1281.0,-44/44,322.0,1205,-40/40,367,1150,-35/35,434,,,,,,
18874791-11a3-4cb7-bc0e-6ca10138eec7,FLUX.2 [pro],flux_flux-2--pro,2025-11,d427ad30-eba3-4945-857a-4eb0ead82e87,Black Forest Labs,1201,5,-12/12,3347,1238.0,-45/45,289.0,1216.0,-41/41,319.0,1218,-20/20,1307,1157,-23/23,972,1272.0,-45/45,251.0,,,,1187.0,-47/47,243.0,1254,-32/32,531,1201,-33/33,486,1229,-41/41,318,1260.0,-38/38,382.0,1199,-35/35,428,1155,-34/34,431,,,,,,
e9f5c7b0-bcb3-400b-81a1-0a1401323551,Seedream 4.0,bytedance-seed_seedream-4-0,2025-09,2354746c-4775-4a06-b64d-0ba4137785b8,ByteDance Seed,1189,6,-6/6,10330,1192.0,-23/23,938.0,1179.0,-24/24,870.0,1220,-10/10,4233,1137,-13/13,2825,1249.0,-25/25,746.0,1213.0,-30/30,574.0,1148.0,-27/27,670.0,1221,-17/17,1592,1182,-19/19,1385,1200,-21/21,1027,1269.0,-21/21,1203.0,1197,-19/19,1296,1173,-19/19,1381,1150.0,-30/30,537.0,1117.0,-35/35,408.0
e2201d15-3e29-48c6-89ba-e63ccf3dde15,FLUX.2 [flex],flux_flux-2--flex,2025-11,d427ad30-eba3-4945-857a-4eb0ead82e87,Black Forest Labs,1184,7,-12/12,3323,1177.0,-43/43,290.0,1229.0,-42/42,314.0,1197,-19/19,1366,1153,-24/24,904,1217.0,-45/45,245.0,,,,1159.0,-50/50,207.0,1203,-31/31,545,1210,-34/34,465,1164,-37/37,357,1256.0,-37/37,382.0,1141,-34/34,428,1162,-34/34,439,,,,,,
bcc5b88d-1bb0-45e6-9940-2f8b99567b40,grok-imagine-image,grok-imagine-image,2026-01,a1e3ddcf-d3e4-44a5-9e8f-029a69850875,xAI,1178,8,-11/11,4186,1156.0,-37/37,371.0,1185.0,-38/38,360.0,1188,-18/18,1558,1170,-22/22,1119,1243.0,-41/41,297.0,1177.0,-50/50,223.0,1182.0,-48/48,233.0,1214,-30/30,589,1181,-30/30,571,1125,-33/33,428,1232.0,-34/34,438.0,1202,-31/31,528,1151,-30/30,538,1223.0,-58/58,181.0,,,
ec932cc1-3848-43e3-834b-c3489397db70,Imagen 4 Ultra,google-imagen_imagen-4-ultra,2025-06,faddc6d9-2c14-445f-9b28-56726f59c793,Google,1177,9,-12/12,3633,1196.0,-45/45,287.0,1225.0,-44/44,301.0,1188,-19/19,1404,1154,-22/22,1062,1222.0,-42/42,288.0,1136.0,-50/50,213.0,1187.0,-45/45,270.0,1195,-31/31,551,1163,-31/31,520,1172,-37/37,369,1255.0,-40/40,339.0,1211,-36/36,424,1148,-32/32,481,1158.0,-54/54,186.0,,,
8460c028-d357-4ca9-b761-d59d219be8f7,Imagen 4 Ultra Preview 0606,imagen-4-ultra-preview-0606,2025-06,faddc6d9-2c14-445f-9b28-56726f59c793,Google,1175,10,-10/10,4477,1161.0,-38/38,361.0,1236.0,-42/42,329.0,1200,-17/17,1806,1141,-20/20,1301,1189.0,-40/40,294.0,1186.0,-49/49,230.0,1164.0,-42/42,293.0,1173,-27/27,700,1156,-29/29,608,1145,-32/32,482,1304.0,-38/38,407.0,1176,-32/32,501,1142,-28/28,627,1259.0,-57/57,210.0,1190.0,-68/68,140.0
08f19008-675e-4d70-98b2-49ad3178c1f0,Seedream 4.5,seedream-4-5,2025-12,2354746c-4775-4a06-b64d-0ba4137785b8,ByteDance Seed,1173,11,-9/9,5714,1206.0,-33/33,540.0,1232.0,-34/34,528.0,1175,-15/15,2314,1139,-18/18,1526,1255.0,-35/35,427.0,1161.0,-42/42,315.0,1152.0,-38/38,380.0,1235,-24/24,946,1185,-26/26,762,1175,-29/29,575,1228.0,-28/28,670.0,1198,-29/29,653,1111,-24/24,826,1105.0,-44/44,273.0,1150.0,-63/63,162.0
b76d882e-80cb-4f7f-8a4b-6e475704ac13,Imagen 4 Preview 0606,imagen-4-preview-0606,2025-06,faddc6d9-2c14-445f-9b28-56726f59c793,Google,1168,12,-10/10,4414,1176.0,-41/41,328.0,1213.0,-42/42,321.0,1181,-16/16,1801,1131,-20/20,1258,1201.0,-39/39,323.0,1184.0,-47/47,250.0,1234.0,-47/47,270.0,1158,-27/27,666,1144,-28/28,617,1152,-32/32,465,1290.0,-38/38,410.0,1158,-32/32,481,1139,-28/28,626,1156.0,-47/47,235.0,1163.0,-67/67,134.0
ead01c00-8518-4f8d-8033-76fcaef910fd,Nano Banana (Gemini 2.5 Flash Image),google_gemini-2-5-flash,2025-08,faddc6d9-2c14-445f-9b28-56726f59c793,Google,1167,13,-7/7,10075,1127.0,-23/23,919.0,1196.0,-24/24,838.0,1186,-11/11,4085,1132,-13/13,2753,1254.0,-26/26,732.0,1166.0,-30/30,564.0,1139.0,-27/27,654.0,1194,-17/17,1577,1149,-18/18,1397,1164,-22/22,1006,1203.0,-21/21,1131.0,1184,-20/20,1242,1145,-19/19,1346,1177.0,-31/31,505.0,1152.0,-37/37,377.0
db7a9087-0b50-41f8-ac41-fb48db3aa459,FLUX.2 [dev] Turbo,fal_flux-2-dev-turbo,2025-12,d3f67dc4-ba4d-4103-ba79-ee321ca99b40,Fal,1165,14,-11/11,3857,1177.0,-40/40,360.0,1143.0,-38/38,365.0,1183,-18/18,1576,1131,-23/23,1021,1250.0,-41/41,303.0,1156.0,-54/54,189.0,1184.0,-47/47,246.0,1186,-28/28,659,1141,-31/31,527,1158,-36/36,391,1214.0,-36/36,430.0,1209,-35/35,447,1121,-31/31,532,1230.0,-61/61,174.0,,,
a4df7ca4-0e85-4ff4-a796-da8af019fbca,Seedream 3.0,seedream-3-0-byteplus,2025-04,2354746c-4775-4a06-b64d-0ba4137785b8,ByteDance Seed,1152,15,-9/9,5458,1144.0,-36/36,415.0,1109.0,-32/32,497.0,1220,-15/15,2233,1076,-18/18,1497,1226.0,-37/37,367.0,1073.0,-42/42,292.0,1109.0,-39/39,337.0,1207,-25/25,855,1142,-27/27,697,1191,-30/30,564,1225.0,-29/29,608.0,1180,-29/29,622,1165,-26/26,755,1064.0,-44/44,259.0,933.0,-59/59,152.0
5959f365-f1fa-424b-8bef-3b839251a497,ImagineArt 1.5 Preview,imagineart-1-5-preview,2025-11,3257e1b4-560b-4bb9-8197-39de391c491f,ImagineArt,1152,16,-8/8,7852,1140.0,-29/29,680.0,1163.0,-27/27,754.0,1194,-13/13,3203,1114,-16/16,2104,1146.0,-28/28,613.0,1111.0,-35/35,442.0,1123.0,-32/32,526.0,1167,-20/20,1288,1152,-21/21,1118,1141,-25/25,817,1261.0,-26/26,890.0,1137,-24/24,904,1153,-22/22,1078,1136.0,-39/39,360.0,1089.0,-49/49,248.0
6cb40a9f-7823-4667-870f-19619afc10ea,Qwen Image Max 2512,qwen_qwen-image-2512,2025-12,d874d370-74d3-4fa0-ba00-5272f92f946b,Alibaba,1151,17,-12/12,3307,1114.0,-43/43,277.0,1161.0,-41/41,309.0,1191,-19/19,1355,1122,-24/24,907,1154.0,-47/47,223.0,1106.0,-54/54,176.0,1141.0,-50/50,220.0,1172,-30/30,562,1147,-34/34,430,1168,-38/38,343,1212.0,-39/39,358.0,1136,-35/35,414,1135,-34/34,438,,,,,,
df44f7b5-8035-4a99-a0bb-ff22149d0464,FLUX.2 [dev],flux_flux-2--dev,2025-11,d427ad30-eba3-4945-857a-4eb0ead82e87,Black Forest Labs,1149,18,-11/11,3553,1135.0,-41/41,305.0,1127.0,-39/39,322.0,1189,-18/18,1446,1099,-22/22,971,1235.0,-41/41,287.0,,,,1148.0,-48/48,227.0,1137,-29/29,567,1145,-32/32,486,1200,-37/37,380,1203.0,-35/35,412.0,1158,-34/34,437,1136,-32/32,470,1113.0,-53/53,183.0,,,
aa41be4d-efb7-4d31-99e6-72678c1d05fd,Wan 2.5 Preview,wan_wan-2-5-preview,2025-09,d874d370-74d3-4fa0-ba00-5272f92f946b,Alibaba,1147,19,-11/11,3866,1141.0,-37/37,363.0,1111.0,-38/38,343.0,1171,-18/18,1537,1099,-21/21,1064,1259.0,-41/41,299.0,1175.0,-54/54,184.0,1160.0,-46/46,249.0,1175,-28/28,607,1133,-31/31,492,1211,-35/35,416,1171.0,-33/33,453.0,1167,-33/33,452,1122,-29/29,559,,,,,,
c8a7698c-a595-476d-a56b-8b3ef4f239b7,Wan 2.6 Image,wan_wan-2-6,2025-12,d874d370-74d3-4fa0-ba00-5272f92f946b,Alibaba,1142,20,-15/15,2078,,,,,,,1167,-24/24,837,1102,-29/29,572,,,,,,,,,,1178,-40/40,332,1111,-43/43,273,1192,-50/50,207,1156.0,-47/47,234.0,1156,-45/45,259,1118,-43/43,262,,,,,,
b29f787a-5542-4920-9949-2fb5c3d05fd4,grok-imagine-image-pro,grok-imagine-image-pro,2026-02,a1e3ddcf-d3e4-44a5-9e8f-029a69850875,xAI,1140,21,-10/10,4135,1063.0,-37/37,347.0,1162.0,-37/37,368.0,1160,-17/17,1600,1133,-22/22,1043,1165.0,-41/41,287.0,1156.0,-49/49,219.0,1177.0,-48/48,225.0,1167,-27/27,653,1145,-31/31,508,1108,-35/35,395,1205.0,-34/34,436.0,1108,-31/31,503,1101,-29/29,559,,,,,,
caa670a4-e827-4a4b-84fb-2dd240205fe2,Wan2.6 Text to Image,wan_wan-2-6-text-to-image-v2,2026-01,d874d370-74d3-4fa0-ba00-5272f92f946b,Alibaba,1137,22,-9/9,5274,1160.0,-34/34,448.0,1111.0,-32/32,482.0,1173,-16/16,2009,1071,-18/18,1429,1248.0,-36/36,397.0,1109.0,-43/43,275.0,1094.0,-41/41,305.0,1179,-24/24,876,1107,-26/26,720,1160,-30/30,535,1191.0,-29/29,602.0,1180,-29/29,608,1101,-27/27,656,1165.0,-47/47,246.0,1006.0,-62/62,139.0
0413f436-9aa3-4f92-aa34-9432841c1830,FLUX.2 [dev] Flash,fal_flux-2-dev-flash,2025-12,d3f67dc4-ba4d-4103-ba79-ee321ca99b40,Fal,1134,23,-11/11,3793,1174.0,-40/40,353.0,1150.0,-39/39,348.0,1150,-18/18,1548,1087,-22/22,1023,1200.0,-42/42,275.0,1149.0,-52/52,201.0,1138.0,-47/47,237.0,1182,-29/29,599,1125,-31/31,513,1111,-35/35,405,1173.0,-36/36,409.0,1164,-32/32,508,1096,-31/31,524,1151.0,-54/54,185.0,,,
3a03722d-32c0-44f3-adde-188c51b639f1,FLUX.2 [klein] 9B,flux_flux-2-klein-9b,2026-01,d427ad30-eba3-4945-857a-4eb0ead82e87,Black Forest Labs,1134,24,-10/10,4544,1121.0,-36/36,402.0,1141.0,-34/34,450.0,1174,-16/16,1823,1075,-20/20,1200,1230.0,-38/38,351.0,1086.0,-46/46,243.0,1132.0,-42/42,296.0,1158,-26/26,721,1141,-28/28,621,1127,-32/32,466,1216.0,-33/33,490.0,1141,-29/29,577,1154,-29/29,634,1061.0,-50/50,197.0,996.0,-63/63,129.0
e1394274-78e1-4ac7-863b-1fc28ec41939,Vivago 2.1,vivago_vivago-2-1,2025-10,040f2c41-5df4-4708-8c77-6a2030be2539,HiDream,1128,25,-10/10,4584,1148.0,-35/35,419.0,1132.0,-34/34,418.0,1150,-16/16,1852,1098,-20/20,1204,1178.0,-37/37,348.0,1094.0,-44/44,257.0,1124.0,-42/42,280.0,1162,-26/26,717,1141,-28/28,619,1114,-31/31,499,1209.0,-31/31,507.0,1136,-29/29,566,1081,-27/27,632,1087.0,-51/51,189.0,,,
2f5ebb1e-6d5f-48b0-95bf-3b590fd45971,GPT Image 1 (high),openai-gpt_gpt-image-1--high,2025-04,e67e56e3-15cd-43db-b679-da4660a69f41,OpenAI,1126,26,-10/10,4181,1089.0,-36/36,377.0,1132.0,-37/37,362.0,1136,-16/16,1727,1101,-21/21,1122,1220.0,-41/41,294.0,1136.0,-50/50,200.0,1145.0,-45/45,245.0,1156,-26/26,697,1116,-30/30,541,1129,-33/33,430,1150.0,-33/33,465.0,1128,-31/31,490,1072,-29/29,552,1106.0,-50/50,202.0,,,
2d625c08-831c-42d3-b910-e5e68b6c44d4,Kolors 2.1,kolors-2-1,2025-07,62cc833b-f55a-4489-bcae-54806d4b04ff,KlingAI,1123,27,-10/10,4183,1095.0,-38/38,347.0,1181.0,-37/37,388.0,1146,-17/17,1693,1101,-21/21,1140,1109.0,-41/41,290.0,1090.0,-51/51,188.0,1120.0,-43/43,275.0,1136,-27/27,687,1107,-31/31,509,1141,-34/34,417,1169.0,-32/32,484.0,1123,-32/32,463,1101,-29/29,562,1159.0,-50/50,214.0,,,
b7c09073-9046-4043-884b-ac541fedbbac,FLUX.1 Kontext [max],flux-1-kontext-max,2025-05,d427ad30-eba3-4945-857a-4eb0ead82e87,Black Forest Labs,1120,28,-8/8,6614,1064.0,-29/29,596.0,1084.0,-30/30,542.0,1137,-13/13,2702,1100,-16/16,1779,1228.0,-32/32,464.0,1124.0,-37/37,366.0,1119.0,-34/34,431.0,1125,-21/21,1116,1120,-24/24,855,1170,-27/27,679,1125.0,-26/26,709.0,1142,-25/25,769,1100,-23/23,872,1096.0,-39/39,326.0,1073.0,-46/46,237.0
d48735c9-9f0f-45b6-ad45-cc03eec252c8,Z-Image Turbo,alibaba_z-image-turbo,2025-12,d874d370-74d3-4fa0-ba00-5272f92f946b,Alibaba,1118,29,-9/9,6145,1082.0,-30/30,558.0,1073.0,-31/31,512.0,1174,-14/14,2539,1058,-17/17,1662,1214.0,-32/32,482.0,1074.0,-41/41,303.0,1088.0,-35/35,409.0,1123,-22/22,1007,1099,-24/24,810,1167,-27/27,665,1213.0,-28/28,650.0,1162,-26/26,775,1096,-23/23,869,1091.0,-43/43,278.0,1036.0,-55/55,178.0
b88087be-28be-4cef-9981-2d4470b3c42a,HunyuanImage 3.0 (Fal),tencent_hunyuanimage-3-0-fal,2025-09,a4e5bd55-a6cd-4dcf-8d4a-1d9643cd3826,Tencent,1117,30,-10/10,4321,1127.0,-36/36,382.0,1125.0,-35/35,404.0,1145,-16/16,1765,1040,-20/20,1143,1253.0,-38/38,349.0,1164.0,-52/52,197.0,1095.0,-42/42,276.0,1173,-26/26,741,1108,-30/30,536,1158,-34/34,428,1121.0,-31/31,512.0,1159,-30/30,553,1124,-29/29,561,1066.0,-52/52,181.0,867.0,-69/69,119.0
8d8aa93e-0d6c-4973-9946-e00e52eeb01d,Lucid Origin Ultra,lucid-origin-ultra,2025-08,c104be52-31ea-4948-b921-265dc297f3ac,Leonardo.Ai,1114,31,-10/10,4804,1099.0,-36/36,374.0,1070.0,-34/34,436.0,1152,-15/15,1969,1076,-19/19,1292,1194.0,-38/38,333.0,1096.0,-45/45,248.0,1044.0,-40/40,298.0,1129,-25/25,792,1098,-27/27,649,1155,-31/31,493,1187.0,-31/31,506.0,1101,-29/29,570,1110,-27/27,635,1102.0,-50/50,204.0,1052.0,-61/61,139.0
ba07faac-d296-472d-8249-9a0b6f78184a,HunyuanImage 3.0 Instruct (Fal),tencent_hunyuanimage-3-0-instruct--fal,2026-01,a4e5bd55-a6cd-4dcf-8d4a-1d9643cd3826,Tencent,1113,32,-10/10,4071,1088.0,-39/39,330.0,1110.0,-37/37,357.0,1115,-17/17,1568,1115,-21/21,1067,1192.0,-40/40,302.0,1086.0,-50/50,196.0,1105.0,-47/47,221.0,1128,-28/28,621,1132,-30/30,515,1103,-32/32,445,1156.0,-35/35,410.0,1116,-32/32,475,1066,-30/30,540,1112.0,-53/53,179.0,,,
29714890-0638-4648-a1df-3fdc2a4b42fa,Vidu Q2,vidu_vidu_q2,2025-11,e3a5ba75-0127-45b0-8bcc-2864b8dd404d,Vidu,1112,33,-9/9,5772,1143.0,-31/31,540.0,1179.0,-32/32,532.0,1129,-14/14,2336,1061,-18/18,1544,1198.0,-33/33,459.0,1035.0,-42/42,294.0,1060.0,-39/39,327.0,1169,-23/23,946,1075,-24/24,803,1079,-28/28,615,1222.0,-29/29,638.0,1165,-27/27,714,1118,-25/25,786,1045.0,-45/45,252.0,1000.0,-55/55,175.0
edba6b24-40ec-47ee-9afd-ddad6135da46,Eigen Image,eigenai_eigen-image,2026-01,db6e00a6-8552-4235-b26f-f89dc2bcba4f,Eigen AI,1110,34,-9/9,5295,1101.0,-34/34,435.0,1083.0,-32/32,486.0,1141,-15/15,2045,1077,-19/19,1393,1193.0,-36/36,382.0,1072.0,-42/42,282.0,1146.0,-39/39,344.0,1126,-24/24,847,1086,-26/26,719,1123,-30/30,527,1206.0,-30/30,581.0,1145,-29/29,586,1050,-26/26,691,1083.0,-46/46,241.0,1094.0,-69/69,132.0
7c4f717b-a48f-4ebe-85b5-9cab75ac2ac6,Vivago 2.0,vivago-2-0,2025-06,040f2c41-5df4-4708-8c77-6a2030be2539,HiDream,1108,35,-11/11,4023,1090.0,-39/39,327.0,1158.0,-39/39,331.0,1108,-17/17,1649,1081,-21/21,1110,1175.0,-42/42,273.0,1182.0,-54/54,190.0,1111.0,-43/43,260.0,1118,-27/27,668,1104,-31/31,486,1104,-34/34,418,1206.0,-35/35,426.0,1091,-32/32,474,1072,-30/30,541,1062.0,-48/48,212.0,,,
2ec24cf9-bef1-44f2-ae97-32f49f7905e2,Lucid Origin Fast,lucid-origin-fast,2025-08,c104be52-31ea-4948-b921-265dc297f3ac,Leonardo.Ai,1105,36,-10/10,4641,1101.0,-37/37,367.0,1085.0,-35/35,400.0,1134,-16/16,1848,1058,-19/19,1300,1183.0,-38/38,327.0,1127.0,-45/45,255.0,1098.0,-39/39,314.0,1120,-26/26,717,1104,-29/29,570,1142,-31/31,483,1173.0,-33/33,476.0,1064,-30/30,527,1098,-28/28,629,1090.0,-48/48,221.0,1029.0,-59/59,149.0
4015fb1d-f6a6-451c-85e1-e8e0b556b683,Reve Image (Halfmoon),reve-image-halfmoon,2025-03,cc6e981e-eb3c-4ac3-a23e-4dbe3e1ffd99,Reve,1099,37,-11/11,3763,1086.0,-42/42,288.0,1108.0,-40/40,315.0,1122,-18/18,1567,1061,-22/22,1018,1126.0,-45/45,236.0,1089.0,-52/52,193.0,1071.0,-44/44,249.0,1114,-28/28,638,1068,-33/33,451,1106,-36/36,381,1200.0,-36/36,404.0,1057,-36/36,388,1100,-30/30,536,,,,,,
fdca46eb-4014-45f5-b0aa-db73ee85deb1,Imagen 3 (v002),imagen-3-v002,2024-12,faddc6d9-2c14-445f-9b28-56726f59c793,Google,1095,38,-8/8,8116,1084.0,-34/34,476.0,1109.0,-31/31,569.0,1129,-12/12,3578,1045,-14/14,2527,1149.0,-33/33,440.0,1112.0,-41/41,334.0,1071.0,-32/32,522.0,1114,-20/20,1234,1104,-21/21,1169,1136,-23/23,1024,1150.0,-30/30,597.0,1113,-33/33,497,1091,-19/19,1507,1071.0,-37/37,410.0,968.0,-32/32,527.0
49beed3c-4642-47be-987b-b7b184cab77d,Imagen 4 Standard,google-imagen_imagen-4-standard,2025-06,faddc6d9-2c14-445f-9b28-56726f59c793,Google,1093,39,-11/11,3589,1053.0,-41/41,298.0,1128.0,-40/40,316.0,1127,-18/18,1430,1046,-21/21,1062,1191.0,-45/45,237.0,1042.0,-52/52,188.0,1124.0,-46/46,241.0,1089,-28/28,628,1068,-32/32,478,1124,-36/36,372,1120.0,-38/38,351.0,1145,-34/34,425,1117,-32/32,485,1013.0,-55/55,169.0,,,
aa524f71-2f87-4395-b1c1-83dfa20bd87c,FLUX1.1 [pro] Ultra,flux1-1-pro-ultra,2024-11,d427ad30-eba3-4945-857a-4eb0ead82e87,Black Forest Labs,1092,40,-11/11,3769,1076.0,-39/39,321.0,1101.0,-41/41,292.0,1121,-18/18,1543,1052,-21/21,1030,1144.0,-42/42,270.0,1053.0,-52/52,185.0,1084.0,-47/47,220.0,1117,-30/30,547,1120,-31/31,503,1107,-34/34,425,1185.0,-36/36,382.0,1052,-32/32,479,1075,-31/31,486,1036.0,-51/51,191.0,,,
7f4a0972-2e00-4cd1-9c93-57e81b0791a8,Ideogram 3.0,ideogram-3-0,2025-03,a8b2ac11-1f36-44cb-9e88-383c4e0d749f,Ideogram,1086,41,-12/12,3432,1054.0,-42/42,284.0,1082.0,-41/41,295.0,1120,-19/19,1364,1047,-22/22,944,1139.0,-44/44,243.0,,,,1109.0,-47/47,233.0,1044,-30/30,555,1021,-33/33,431,1136,-39/39,326,1134.0,-37/37,381.0,1114,-35/35,409,1120,-33/33,445,,,,,,
be790d0b-8222-4b25-9624-f0fec79e29db,Imagen 4 Fast Preview 0606,imagen-4-fast-preview-0606,2025-06,faddc6d9-2c14-445f-9b28-56726f59c793,Google,1084,42,-10/10,4614,1035.0,-37/37,364.0,1097.0,-36/36,373.0,1131,-16/16,1843,1032,-19/19,1325,1140.0,-38/38,337.0,1043.0,-47/47,221.0,1078.0,-41/41,291.0,1083,-25/25,745,1055,-27/27,643,1132,-32/32,467,1169.0,-35/35,419.0,1067,-30/30,541,1102,-28/28,618,1094.0,-46/46,237.0,992.0,-57/57,159.0
f1182fcf-b690-413a-9a9b-38cec96e9e09,FLUX1.1 [pro],flux1-1-pro,2024-10,d427ad30-eba3-4945-857a-4eb0ead82e87,Black Forest Labs,1082,43,-7/7,10819,1028.0,-28/28,679.0,1088.0,-27/27,807.0,1114,-10/10,4862,1053,-12/12,3376,1113.0,-31/31,502.0,1006.0,-35/35,427.0,1064.0,-29/29,682.0,1092,-18/18,1560,1108,-19/19,1520,1130,-19/19,1427,1149.0,-25/25,958.0,1088,-29/29,630,1073,-16/16,2072,980.0,-30/30,581.0,1016.0,-27/27,769.0
edd29d39-9fd6-4139-8307-cdcd46f597a2,Recraft V3,recraft-v3,2024-10,02845eed-a64f-4ddd-af96-8409678c890a,Recraft,1080,44,-6/6,11230,945.0,-26/26,748.0,991.0,-24/24,916.0,1128,-10/10,4984,1051,-12/12,3324,1153.0,-28/28,626.0,1115.0,-35/35,474.0,1070.0,-28/28,697.0,1037,-17/17,1784,1075,-18/18,1578,1140,-19/19,1394,1122.0,-23/23,1089.0,1085,-26/26,766,1094,-16/16,1977,1096.0,-31/31,588.0,1002.0,-28/28,712.0
3338f278-fb1f-4727-b9af-d51ae3ab7e36,FLUX.1 Kontext [pro],flux-1-kontext-pro,2025-05,d427ad30-eba3-4945-857a-4eb0ead82e87,Black Forest Labs,1079,45,-11/11,4021,1038.0,-42/42,289.0,1085.0,-39/39,326.0,1092,-17/17,1698,1058,-21/21,1101,1152.0,-42/42,269.0,1084.0,-50/50,203.0,1063.0,-46/46,236.0,1112,-27/27,677,1091,-30/30,514,1110,-35/35,400,1100.0,-34/34,439.0,1067,-31/31,496,1043,-30/30,522,1033.0,-50/50,197.0,,,
8fe29563-6142-4cc5-b236-544ba9767c3f,FLUX.2 [klein] Base 9B,flux_flux-2-klein-base-9b,2026-01,d427ad30-eba3-4945-857a-4eb0ead82e87,Black Forest Labs,1075,46,-10/10,4178,1054.0,-38/38,346.0,1029.0,-36/36,372.0,1122,-17/17,1696,1039,-20/20,1137,1095.0,-38/38,338.0,1082.0,-48/48,224.0,1095.0,-43/43,268.0,1070,-27/27,667,1101,-30/30,540,1067,-33/33,441,1166.0,-33/33,473.0,1076,-31/31,511,1043,-29/29,567,1021.0,-49/49,214.0,1063.0,-64/64,134.0
95a40d42-7e24-42ac-8e86-ded5ba37c6ea,GPT Image 1 Mini (medium),openai-gpt_gpt-image-1-mini--medium,2025-10,e67e56e3-15cd-43db-b679-da4660a69f41,OpenAI,1075,47,-10/10,4673,1024.0,-36/36,381.0,1062.0,-34/34,413.0,1082,-16/16,1874,1036,-19/19,1304,1241.0,-38/38,353.0,1118.0,-46/46,243.0,1095.0,-41/41,295.0,1078,-26/26,732,1058,-28/28,623,1108,-31/31,498,1075.0,-32/32,505.0,1116,-30/30,541,1016,-28/28,613,1129.0,-46/46,244.0,994.0,-63/63,131.0
c404f12b-b1a8-47d2-bbff-3aa5f73be475,P-Image,pruna_p-image,2025-12,a98e0396-4ef1-4a39-bb12-b004c7590bee,Pruna AI,1075,48,-12/12,3420,1039.0,-40/40,315.0,1047.0,-42/42,288.0,1136,-18/18,1414,986,-23/23,929,1213.0,-43/43,261.0,,,,1058.0,-48/48,214.0,1078,-29/29,587,1043,-31/31,493,1124,-36/36,368,1203.0,-38/38,355.0,1147,-35/35,400,1063,-32/32,462,917.0,-57/57,174.0,,,
561d9150-bc67-4212-8129-2d239f06fde8,Dreamina 3.1,dreamina-3-1,2025-08,582174aa-90d5-4a43-9c4d-64dc0af57547,Bytedance,1071,49,-9/9,5630,1061.0,-34/34,430.0,1015.0,-32/32,482.0,1117,-14/14,2336,1008,-17/17,1542,1183.0,-36/36,380.0,1021.0,-43/43,270.0,1024.0,-37/37,363.0,1091,-23/23,937,1059,-26/26,738,1162,-31/31,515,1115.0,-29/29,603.0,1107,-26/26,693,1061,-25/25,772,1018.0,-43/43,268.0,943.0,-62/62,135.0
9d206113-8eec-4e37-9033-3699b4e2c4c1,FIBO,bria_fibo,2025-10,95c9bc82-f015-4ed4-8da0-4729f2d14f09,Bria,1070,50,-11/11,3955,971.0,-40/40,329.0,1080.0,-38/38,343.0,1115,-17/17,1602,1034,-21/21,1097,1161.0,-39/39,315.0,972.0,-52/52,193.0,1037.0,-43/43,270.0,1070,-28/28,623,1081,-29/29,556,1119,-34/34,419,1150.0,-33/33,436.0,1086,-32/32,471,1045,-30/30,543,1120.0,-53/53,175.0,,,
3094dab6-4711-48f0-b1ad-9aaae4804bde,Imagen 4 Fast,google-imagen_imagen-4-fast,2025-06,faddc6d9-2c14-445f-9b28-56726f59c793,Google,1069,51,-11/11,3532,1056.0,-42/42,284.0,1050.0,-42/42,287.0,1113,-18/18,1406,1018,-22/22,1012,1133.0,-44/44,254.0,1029.0,-47/47,225.0,1089.0,-45/45,247.0,1082,-30/30,542,1019,-31/31,501,1105,-37/37,349,1133.0,-39/39,333.0,1081,-34/34,433,1085,-32/32,477,1134.0,-55/55,176.0,,,
760fd02f-ee8b-42c0-86e6-2a9d48e612ad,Midjourney v7 Alpha,midjourney-v7-alpha,2025-04,f3101bf7-753f-4c98-9df5-d57092e924fb,Midjourney,1065,52,-11/11,3485,1137.0,-44/44,266.0,1038.0,-41/41,299.0,1099,-18/18,1417,993,-23/23,927,1208.0,-42/42,273.0,912.0,-57/57,171.0,996.0,-49/49,215.0,1119,-30/30,551,1088,-33/33,447,1155,-37/37,354,1079.0,-37/37,375.0,1097,-34/34,421,1080,-33/33,447,970.0,-57/57,161.0,,,
c02b3b9d-2847-46b2-b410-98e29a594fa5,Qwen Image Plus 2601,qwen_qwen-image-plus-2601,2026-01,d874d370-74d3-4fa0-ba00-5272f92f946b,Alibaba,1064,53,-10/10,4760,1053.0,-35/35,410.0,1012.0,-36/36,394.0,1099,-16/16,1863,1039,-19/19,1269,1115.0,-40/40,302.0,1018.0,-45/45,254.0,1057.0,-42/42,280.0,1086,-26/26,722,1092,-27/27,651,1099,-32/32,477,1068.0,-32/32,501.0,1085,-30/30,551,1052,-27/27,641,1042.0,-48/48,218.0,934.0,-66/66,127.0
6443510e-aedc-423b-9a16-478534b16269,FLUX.2 [klein] 4B,flux_flux-2-klein-4b,2026-01,d427ad30-eba3-4945-857a-4eb0ead82e87,Black Forest Labs,1063,54,-10/10,4413,1060.0,-37/37,364.0,1058.0,-35/35,398.0,1111,-16/16,1774,1002,-20/20,1224,1175.0,-38/38,332.0,956.0,-46/46,249.0,1050.0,-44/44,257.0,1100,-25/25,754,1061,-28/28,608,1112,-32/32,454,1115.0,-33/33,471.0,1093,-31/31,525,1082,-28/28,607,943.0,-50/50,214.0,941.0,-63/63,131.0
0b6f2204-82ec-4cef-a0cc-67bf574664d5,HunyuanImage 2.1,hunyuanimage-2-1,2025-09,a4e5bd55-a6cd-4dcf-8d4a-1d9643cd3826,Tencent,1063,55,-9/9,5141,1104.0,-33/33,467.0,1142.0,-33/33,459.0,1052,-15/15,2103,1035,-18/18,1377,1142.0,-37/37,353.0,1057.0,-45/45,249.0,1104.0,-42/42,278.0,1116,-24/24,828,1064,-26/26,693,1054,-30/30,546,1113.0,-28/28,632.0,1091,-28/28,609,979,-27/27,684,1051.0,-48/48,217.0,1000.0,-63/63,132.0
6ec6098b-3530-4de5-b2fc-24cde58933ab,SRPO,flux_srpo,2025-09,a4e5bd55-a6cd-4dcf-8d4a-1d9643cd3826,Tencent,1062,56,-10/10,4623,936.0,-38/38,387.0,1001.0,-36/36,396.0,1132,-16/16,1929,996,-20/20,1250,1147.0,-38/38,329.0,1087.0,-47/47,228.0,1047.0,-43/43,264.0,1072,-25/25,771,1051,-27/27,642,1136,-32/32,477,1084.0,-32/32,500.0,1074,-30/30,536,1052,-27/27,629,1012.0,-48/48,214.0,946.0,-64/64,127.0
bbb9085a-55dd-4afe-955d-0326019503a7,Luma Photon,luma-photon,2024-12,09468924-69a9-499b-8dd6-d0bb4c05285d,Luma Labs,1060,57,-8/8,7824,1037.0,-30/30,581.0,1055.0,-31/31,538.0,1069,-12/12,3449,1048,-15/15,2308,1110.0,-35/35,386.0,1078.0,-40/40,335.0,1049.0,-34/34,460.0,1086,-21/21,1188,1099,-21/21,1119,1046,-23/23,904,1078.0,-26/26,778.0,1049,-30/30,565,1031,-19/19,1363,1067.0,-36/36,409.0,1032.0,-37/37,442.0
b416f02f-867d-4961-8f86-dc5c111a4f01,FLUX.1 [pro],flux-1-pro,2024-08,d427ad30-eba3-4945-857a-4eb0ead82e87,Black Forest Labs,1060,58,-5/5,15082,1000.0,-23/23,1023.0,1012.0,-21/21,1137.0,1093,-9/9,6665,1041,-10/10,4660,1094.0,-25/25,763.0,1027.0,-29/29,624.0,1067.0,-25/25,877.0,1044,-14/14,2374,1060,-16/16,2045,1126,-17/17,1894,1103.0,-20/20,1394.0,1099,-25/25,876,1043,-13/13,2849,1014.0,-25/25,819.0,1002.0,-23/23,1090.0
a7ce8a95-072f-4ca2-b574-35400c21d005,Qwen Image,qwen-image,2025-08,d874d370-74d3-4fa0-ba00-5272f92f946b,Alibaba,1052,59,-10/10,4640,1149.0,-37/37,375.0,1108.0,-35/35,402.0,1047,-16/16,1951,1008,-20/20,1199,1112.0,-39/39,314.0,1027.0,-47/47,229.0,1012.0,-42/42,284.0,1115,-25/25,769,1080,-29/29,583,1048,-31/31,498,1123.0,-31/31,522.0,1039,-31/31,510,1018,-28/28,624,1040.0,-48/48,215.0,,,
8b3ce31b-32ba-4ef9-b8f4-0133da19ddcc,Image-01,image-01,2025-02,a31a9071-6144-4dbb-92dc-2e02d653ecea,MiniMax,1052,60,-11/11,3853,1022.0,-42/42,290.0,1070.0,-39/39,327.0,1098,-18/18,1561,981,-21/21,1116,1159.0,-45/45,235.0,1033.0,-54/54,175.0,1042.0,-45/45,252.0,1091,-28/28,629,1029,-31/31,506,1114,-34/34,430,1109.0,-38/38,352.0,1032,-35/35,398,1061,-30/30,534,1021.0,-52/52,187.0,818.0,-64/64,145.0
adcefda7-064a-4301-a68a-f4428abccfc0,Ideogram v2,ideogram-v2,2024-08,a8b2ac11-1f36-44cb-9e88-383c4e0d749f,Ideogram,1051,61,-5/5,15198,957.0,-23/23,996.0,1012.0,-22/22,1087.0,1090,-8/8,6863,1011,-10/10,4703,1145.0,-27/27,698.0,1065.0,-29/29,649.0,1020.0,-24/24,910.0,1025,-15/15,2296,1043,-15/15,2155,1122,-17/17,1852,1097.0,-20/20,1337.0,1078,-25/25,864,1040,-13/13,2963,1059.0,-25/25,872.0,999.0,-23/23,1053.0
886888eb-1c9f-4207-9b79-78119957c1e9,MAI Image 1,microsoft_mai-image-1,2025-11,ef5ce458-9986-4652-915a-e31fac5506b0,Microsoft Azure,1048,62,-11/11,3569,971.0,-43/43,285.0,1055.0,-41/41,296.0,1094,-18/18,1490,980,-22/22,990,1206.0,-42/42,272.0,950.0,-55/55,184.0,1022.0,-47/47,237.0,1098,-30/30,546,1032,-31/31,495,1112,-37/37,353,1084.0,-36/36,396.0,1086,-31/31,492,1020,-32/32,471,956.0,-56/56,172.0,,,
529b4e80-e958-44ea-8edb-c4b454e11361,HiDream-I1-Dev,hidream-i1-dev,2025-04,040f2c41-5df4-4708-8c77-6a2030be2539,HiDream,1047,63,-11/11,3470,1099.0,-41/41,307.0,1123.0,-44/44,268.0,1032,-19/19,1370,1028,-22/22,990,1067.0,-48/48,217.0,1044.0,-55/55,165.0,1047.0,-50/50,199.0,1082,-29/29,562,1046,-33/33,439,981,-40/40,320,1090.0,-36/36,378.0,1052,-35/35,402,1040,-33/33,454,1116.0,-56/56,167.0,,,
3838ac21-dbc9-4438-bbf3-3cf49f4e47c8,Midjourney v6.1,midjourney-v6-1,2024-07,f3101bf7-753f-4c98-9df5-d57092e924fb,Midjourney,1044,64,-5/5,15072,1028.0,-24/24,913.0,1014.0,-22/22,1075.0,1073,-8/8,6913,996,-10/10,4713,1205.0,-28/28,681.0,997.0,-29/29,613.0,1019.0,-25/25,864.0,1078,-15/15,2343,1089,-16/16,2080,1101,-16/16,1882,1044.0,-20/20,1379.0,1033,-28/28,667,1059,-13/13,3005,993.0,-24/24,872.0,848.0,-22/22,1098.0
1e48a378-5ad5-4245-abb8-d024b2b8d4bf,HiDream-I1-Fast,hidream-i1-fast,2025-04,040f2c41-5df4-4708-8c77-6a2030be2539,HiDream,1042,65,-11/11,3831,1062.0,-42/42,282.0,1064.0,-38/38,345.0,1034,-18/18,1519,1020,-21/21,1102,1092.0,-43/43,267.0,1125.0,-51/51,199.0,1088.0,-46/46,238.0,1056,-29/29,585,1057,-30/30,541,989,-37/37,388,1067.0,-37/37,382.0,1028,-33/33,463,1018,-31/31,519,1132.0,-53/53,181.0,,,
5eba28d1-5f14-45e5-970a-47cd5da79c54,GLM-Image,glm_glm-image,2026-01,67437eb6-7dc1-4e93-befd-22c8b8ec2065,Z AI,1041,66,-10/10,4431,1034.0,-36/36,389.0,1032.0,-35/35,406.0,1046,-16/16,1815,1041,-20/20,1198,1080.0,-39/39,326.0,1028.0,-47/47,228.0,1095.0,-43/43,275.0,1052,-27/27,700,1033,-28/28,602,1048,-32/32,456,1076.0,-32/32,494.0,1045,-30/30,558,1013,-29/29,593,1009.0,-50/50,206.0,1039.0,-60/60,148.0
ec8ee994-cfd0-4b8c-b244-14265c95290b,Midjourney v6,midjourney-v6,2023-12,f3101bf7-753f-4c98-9df5-d57092e924fb,Midjourney,1040,67,-4/4,23599,982.0,-19/19,1548.0,1015.0,-18/18,1756.0,1065,-7/7,10827,1009,-8/8,7427,1147.0,-22/22,1014.0,1007.0,-25/25,871.0,1007.0,-19/19,1435.0,1056,-12/12,3653,1090,-13/13,3325,1073,-13/13,3055,1043.0,-16/16,2036.0,1029,-22/22,1075,1054,-10/10,4713,975.0,-20/20,1337.0,910.0,-16/16,1868.0
f1a89301-0c25-42d3-be68-ae73463d58bd,Infinity 8B,infinity-8b,2025-02,582174aa-90d5-4a43-9c4d-64dc0af57547,Bytedance,1040,68,-10/10,4337,1053.0,-39/39,323.0,1056.0,-38/38,348.0,1070,-16/16,1862,983,-20/20,1205,1125.0,-42/42,274.0,995.0,-55/55,166.0,924.0,-47/47,255.0,1107,-28/28,650,1085,-30/30,558,1066,-31/31,497,1065.0,-34/34,455.0,1048,-33/33,447,1048,-27/27,671,1018.0,-54/54,178.0,887.0,-54/54,187.0
7f802e5d-8297-41f7-bf2e-cd442b4eb37e,Z-Image Base,alibaba_z-image-base,2026-01,d874d370-74d3-4fa0-ba00-5272f92f946b,Alibaba,1039,69,-10/10,4702,1003.0,-37/37,378.0,976.0,-35/35,425.0,1094,-16/16,1828,976,-20/20,1258,1169.0,-39/39,323.0,995.0,-47/47,237.0,985.0,-41/41,311.0,1054,-26/26,698,1051,-28/28,617,1076,-31/31,485,1102.0,-31/31,539.0,1110,-30/30,556,1026,-30/30,546,994.0,-50/50,208.0,833.0,-63/63,145.0
42f6daca-7146-4620-8977-d190d7fac51a,FLUX.1 [dev],flux-1-dev,2024-08,d427ad30-eba3-4945-857a-4eb0ead82e87,Black Forest Labs,1035,70,-5/5,14961,965.0,-22/22,1047.0,1012.0,-22/22,1070.0,1069,-9/9,6731,1021,-10/10,4578,1018.0,-26/26,731.0,1001.0,-29/29,632.0,1062.0,-25/25,855.0,1019,-15/15,2285,1026,-15/15,2168,1071,-16/16,1831,1109.0,-20/20,1422.0,1045,-25/25,860,1018,-13/13,2808,985.0,-26/26,780.0,1035.0,-23/23,1092.0
b7e0a576-cf1c-41e1-bb03-816af1b634b1,Ideogram v2 Turbo,ideogram-v2-turbo,2024-08,a8b2ac11-1f36-44cb-9e88-383c4e0d749f,Ideogram,1031,71,-6/6,13426,936.0,-23/23,952.0,1011.0,-23/23,1002.0,1047,-9/9,5997,1038,-11/11,4123,1063.0,-27/27,662.0,985.0,-32/32,507.0,1033.0,-26/26,827.0,1000,-15/15,2124,1053,-16/16,1913,1039,-17/17,1673,1079.0,-21/21,1192.0,1015,-26/26,761,1013,-14/14,2405,1027.0,-27/27,740.0,1058.0,-26/26,940.0
b105beac-bf45-4781-9f37-d64180849865,Firefly Image 5 Preview,adobe-firefly_firefly-image-5--preview,2025-10,2c7b704c-10d3-41b1-bfcf-f7084676079b,Adobe,1029,72,-11/11,4039,922.0,-39/39,377.0,968.0,-39/39,352.0,1103,-17/17,1643,968,-21/21,1089,1122.0,-40/40,303.0,956.0,-51/51,207.0,974.0,-48/48,236.0,1022,-28/28,662,1011,-29/29,571,1076,-34/34,418,1117.0,-34/34,446.0,1033,-32/32,493,1078,-28/28,584,983.0,-53/53,183.0,,,
e9c23b00-b46b-428a-9b0f-68308747873b,LongCat Image,longcat_longcat-image,2025-12,61d88a80-1fd3-40c8-a6ac-89271d06f704,Meituan,1027,73,-13/13,2967,938.0,-43/43,294.0,1055.0,-44/44,262.0,1074,-20/20,1212,981,-25/25,791,1069.0,-50/50,205.0,,,,1051.0,-49/49,203.0,988,-33/33,492,1052,-35/35,395,1088,-39/39,319,1084.0,-41/41,315.0,1061,-36/36,376,1035,-35/35,402,,,,,,
7fd58fea-e8b4-46c9-a421-409db1b54a71,FLUX.1 Krea [dev],flux-1-krea-dev,2025-07,d427ad30-eba3-4945-857a-4eb0ead82e87,Black Forest Labs,1024,74,-15/15,2064,,,,,,,1078,-24/24,841,959,-29/29,581,,,,,,,,,,1023,-40/40,307,974,-44/44,265,1085,-49/49,203,1056.0,-48/48,223.0,1068,-46/46,239,1069,-42/42,276,,,,,,
b0f2192b-678c-405d-94f8-4525064713eb,Stable Diffusion 3.5 Large,stable-diffusion-3-5-large,2024-10,fae49f90-2280-46b0-b364-40d25eb84564,Stability.ai,1023,75,-7/7,10341,1017.0,-28/28,694.0,987.0,-26/26,768.0,1033,-10/10,4651,1007,-13/13,3078,1123.0,-30/30,547.0,983.0,-35/35,417.0,991.0,-28/28,648.0,1050,-18/18,1597,1054,-19/19,1405,1062,-20/20,1280,1013.0,-23/23,980.0,982,-28/28,658,1032,-16/16,1942,963.0,-30/30,559.0,968.0,-29/29,664.0
b7a4bc1e-1da9-4d29-8c55-67124e867d4c,Stable Diffusion 3 Large,stable-diffusion-3-large,2024-02,fae49f90-2280-46b0-b364-40d25eb84564,Stability.ai,1019,76,-4/4,22646,994.0,-19/19,1465.0,983.0,-18/18,1583.0,1031,-7/7,10282,990,-8/8,7110,1144.0,-21/21,1102.0,1047.0,-24/24,936.0,978.0,-19/19,1412.0,1051,-12/12,3371,1051,-13/13,3160,1061,-13/13,2954,1002.0,-16/16,2054.0,960,-21/21,1184,1019,-11/11,4421,982.0,-20/20,1381.0,933.0,-18/18,1615.0
62122232-d667-4359-aa5f-4390963190e9,Stable Diffusion 3.5 Large Turbo,stable-diffusion-3-5-large-turbo,2024-10,fae49f90-2280-46b0-b364-40d25eb84564,Stability.ai,1019,77,-7/7,10248,1013.0,-28/28,668.0,996.0,-26/26,767.0,1032,-10/10,4539,997,-12/12,3170,1102.0,-31/31,519.0,995.0,-35/35,424.0,989.0,-29/29,634.0,1042,-18/18,1594,1057,-19/19,1467,1060,-20/20,1244,1007.0,-23/23,950.0,1000,-29/29,607,1014,-16/16,1862,961.0,-30/30,575.0,935.0,-28/28,685.0
f41ba31b-7ba3-44bc-9699-084440d1535e,Ideogram v1,ideogram-v1,2024-02,a8b2ac11-1f36-44cb-9e88-383c4e0d749f,Ideogram,1015,78,-6/6,11998,906.0,-25/25,870.0,988.0,-24/24,868.0,1067,-10/10,5327,947,-11/11,3703,1157.0,-30/30,577.0,1037.0,-34/34,477.0,1028.0,-27/27,721.0,1015,-16/16,1822,1029,-17/17,1726,1055,-18/18,1512,1077.0,-22/22,1099.0,1084,-28/28,698,1025,-15/15,2256,1002.0,-29/29,621.0,761.0,-26/26,856.0
65f37105-427a-4f10-af5c-b001e59024a6,Phoenix 1.0 Ultra,phoenix-1-0-ultra,2024-12,c104be52-31ea-4948-b921-265dc297f3ac,Leonardo.Ai,1012,79,-9/9,5528,961.0,-36/36,400.0,1058.0,-33/33,459.0,1009,-14/14,2390,992,-18/18,1544,1112.0,-39/39,321.0,1036.0,-47/47,228.0,1016.0,-41/41,306.0,1033,-23/23,919,1018,-26/26,737,1015,-28/28,614,1051.0,-32/32,513.0,978,-33/33,484,1006,-23/23,933,961.0,-42/42,289.0,950.0,-47/47,238.0
b23a5363-0e53-48f1-93b1-db1350b72844,Ideogram v2a,ideogram-v2a,2025-02,a8b2ac11-1f36-44cb-9e88-383c4e0d749f,Ideogram,1007,80,-11/11,3847,930.0,-42/42,304.0,995.0,-42/42,292.0,1038,-17/17,1594,967,-21/21,1058,1097.0,-43/43,267.0,1053.0,-52/52,189.0,1032.0,-47/47,229.0,994,-29/29,619,1006,-32/32,468,1011,-35/35,395,1080.0,-35/35,410.0,1039,-34/34,423,997,-29/29,567,1008.0,-51/51,195.0,,,
9f592429-9411-4c1e-bebe-780d2790759a,Phoenix 0.9 Ultra,phoenix-0-9-ultra,2024-06,c104be52-31ea-4948-b921-265dc297f3ac,Leonardo.Ai,1007,81,-7/7,8283,885.0,-34/34,478.0,1015.0,-29/29,603.0,1013,-11/11,3650,998,-13/13,2719,1087.0,-35/35,388.0,1066.0,-39/39,362.0,1045.0,-32/32,522.0,1005,-19/19,1316,1005,-20/20,1190,1006,-22/22,1038,1042.0,-27/27,733.0,971,-38/38,366,998,-18/18,1507,993.0,-32/32,517.0,987.0,-31/31,570.0
0b89ea2e-c652-485a-aa8c-34ceafed224f,Playground v3 (beta),playground-v3-beta,2024-09,f04aca25-ae17-42e2-a0b7-0c9734e0adfe,Playground AI,1003,82,-6/6,12599,1000.0,-25/25,848.0,1009.0,-23/23,955.0,1005,-9/9,5769,979,-11/11,3734,1125.0,-28/28,619.0,1014.0,-32/32,519.0,965.0,-26/26,759.0,1036,-16/16,1929,1019,-17/17,1676,1034,-17/17,1595,1018.0,-21/21,1212.0,1047,-27/27,739,978,-14/14,2450,984.0,-29/29,624.0,943.0,-25/25,858.0
83be9cb8-55f8-4e7c-be4e-7073f2644b5a,Krea 1,krea-1,2025-06,da6aca5c-fe97-453a-b5cb-43de1ac7210b,Krea,1001,83,-10/10,4670,893.0,-38/38,418.0,922.0,-39/39,388.0,1064,-16/16,1897,961,-20/20,1265,1076.0,-41/41,305.0,981.0,-48/48,224.0,1012.0,-43/43,277.0,988,-26/26,782,969,-29/29,633,1031,-34/34,419,1061.0,-33/33,488.0,1040,-30/30,546,1033,-28/28,617,916.0,-50/50,229.0,946.0,-60/60,145.0
d77cfc0a-2fa1-4f8e-9f7f-a666b348b1e9,FLUX.1 [schnell],flux-1-schnell,2024-08,d427ad30-eba3-4945-857a-4eb0ead82e87,Black Forest Labs,1000,84,0/0,15587,1000.0,0/0,1039.0,1000.0,0/0,1221.0,1000,0/0,6962,1000,0/0,4818,1000.0,0/0,704.0,1000.0,0/0,641.0,1000.0,0/0,941.0,1000,0/0,2467,1000,0/0,2085,1000,0/0,1922,1000.0,0/0,1366.0,1000,0/0,879,1000,0/0,2938,1000.0,0/0,863.0,1000.0,0/0,1190.0
0c471919-d0d0-4936-9487-a0b199321231,Ideogram v2a Turbo,ideogram-v2a-turbo,2025-02,a8b2ac11-1f36-44cb-9e88-383c4e0d749f,Ideogram,999,85,-11/11,3833,927.0,-44/44,291.0,977.0,-40/40,321.0,1030,-17/17,1601,966,-22/22,1042,1103.0,-44/44,254.0,1005.0,-53/53,184.0,1051.0,-45/45,242.0,975,-30/30,589,978,-31/31,527,1027,-35/35,395,1058.0,-36/36,394.0,1004,-35/35,423,1012,-30/30,524,,,,,,
4801e29a-4294-4fc4-b40f-75b275e8e8ad,Firefly Image 4,firefly-image-4,2025-04,2c7b704c-10d3-41b1-bfcf-f7084676079b,Adobe,993,86,-8/8,7263,946.0,-29/29,592.0,963.0,-28/28,622.0,1052,-12/12,2980,943,-16/16,1953,1084.0,-31/31,492.0,876.0,-40/40,346.0,905.0,-35/35,436.0,988,-20/20,1227,995,-23/23,923,1093,-25/25,768,1073.0,-26/26,747.0,1027,-23/23,868,1008,-23/23,924,940.0,-39/39,343.0,839.0,-47/47,243.0
9f25d322-c1fd-4da9-9039-9bcfd499f4c3,Gemini 2.0 Flash Preview,gemini-2-0-flash-preview,2025-05,faddc6d9-2c14-445f-9b28-56726f59c793,Google,989,87,-9/9,5672,955.0,-33/33,449.0,995.0,-32/32,482.0,993,-14/14,2295,984,-17/17,1537,1050.0,-35/35,391.0,1013.0,-42/42,289.0,1068.0,-39/39,343.0,989,-22/22,946,977,-25/25,725,1019,-28/28,612,1048.0,-29/29,566.0,993,-28/28,627,897,-26/26,764,1062.0,-44/44,266.0,951.0,-50/50,206.0
ba1d4694-1170-4cc1-b19a-3067a8c1341c,Phoenix 1.0 Fast,phoenix-1-0-fast,2024-12,c104be52-31ea-4948-b921-265dc297f3ac,Leonardo.Ai,986,88,-9/9,5836,954.0,-36/36,393.0,1063.0,-34/34,456.0,972,-14/14,2492,973,-17/17,1747,1055.0,-39/39,330.0,997.0,-44/44,263.0,1012.0,-38/38,368.0,1023,-23/23,898,990,-24/24,832,997,-27/27,659,1002.0,-31/31,555.0,975,-34/34,453,930,-23/23,992,978.0,-42/42,292.0,993.0,-45/45,277.0
19c33a87-2ede-4d18-b2ce-7e5254611622,FLUX.2 [klein] Base 4B,flux_flux-2-klein-base-4b,2026-01,d427ad30-eba3-4945-857a-4eb0ead82e87,Black Forest Labs,978,89,-10/10,4424,951.0,-37/37,382.0,976.0,-37/37,380.0,1016,-17/17,1795,943,-20/20,1213,1040.0,-39/39,347.0,876.0,-49/49,247.0,969.0,-43/43,281.0,1001,-27/27,694,971,-29/29,613,1027,-32/32,466,990.0,-33/33,506.0,1009,-31/31,524,977,-29/29,587,897.0,-54/54,191.0,963.0,-63/63,132.0
93f912f2-35b7-442a-b46a-35e086539184,Recraft 20B,recraft-20b,2024-03,02845eed-a64f-4ddd-af96-8409678c890a,Recraft,974,90,-6/6,12135,876.0,-27/27,745.0,965.0,-24/24,861.0,985,-9/9,5413,970,-11/11,3924,1061.0,-30/30,541.0,936.0,-32/32,507.0,955.0,-27/27,693.0,973,-16/16,1941,951,-17/17,1716,1035,-18/18,1557,974.0,-22/22,1055.0,978,-32/32,494,973,-14/14,2354,966.0,-27/27,706.0,960.0,-24/24,894.0
61ace12c-0fb5-4262-a0b7-80845c84b40d,Luma Photon Flash,luma-photon-flash,2024-12,09468924-69a9-499b-8dd6-d0bb4c05285d,Luma Labs,974,91,-7/7,10235,961.0,-28/28,671.0,984.0,-26/26,766.0,982,-10/10,4505,951,-12/12,3083,1092.0,-30/30,542.0,896.0,-37/37,399.0,914.0,-30/30,594.0,1021,-18/18,1572,1012,-19/19,1404,972,-20/20,1271,1007.0,-24/24,923.0,967,-28/28,659,977,-16/16,1872,960.0,-30/30,545.0,834.0,-28/28,671.0
73b72208-7757-43a6-bc0b-1e3bbcee51e0,Runway Gen-4 Image,runway-gen-4-image,2024-11,a6906d95-a471-4a0c-ad10-b989571de20c,Runway,969,92,-9/9,5976,910.0,-33/33,474.0,928.0,-32/32,515.0,1000,-14/14,2394,954,-17/17,1650,1020.0,-35/35,430.0,978.0,-42/42,288.0,1010.0,-38/38,339.0,966,-23/23,933,978,-25/25,809,993,-28/28,643,990.0,-29/29,631.0,967,-26/26,721,975,-25/25,777,988.0,-42/42,284.0,903.0,-55/55,168.0
a77486d0-ef2c-4287-9f07-7f522cc1790b,Playground v2.5,playground-v2-5,2024-02,f04aca25-ae17-42e2-a0b7-0c9734e0adfe,Playground AI,967,93,-4/4,23673,955.0,-18/18,1560.0,969.0,-17/17,1761.0,992,-7/7,10679,923,-8/8,7344,1100.0,-20/20,1212.0,867.0,-23/23,959.0,901.0,-19/19,1420.0,993,-11/11,3790,994,-12/12,3297,1038,-13/13,3047,950.0,-16/16,2107.0,995,-22/22,1106,985,-10/10,4791,861.0,-22/22,1043.0,840.0,-16/16,1923.0
94ac854d-f774-47f7-a64d-95d4e3975b13,Lumina Image v2,lumina-image-v2,2025-01,4d7036f2-93b9-4701-a99a-7a80dfcb412c,OpenGVLab,967,94,-7/7,8609,1011.0,-29/29,592.0,977.0,-29/29,626.0,1000,-11/11,3772,891,-14/14,2635,1090.0,-33/33,437.0,945.0,-40/40,334.0,876.0,-33/33,506.0,1042,-19/19,1312,1041,-21/21,1141,1030,-22/22,1036,973.0,-25/25,834.0,968,-30/30,591,983,-18/18,1537,838.0,-36/36,439.0,705.0,-34/34,554.0
10f01326-4d02-4dc6-b9df-6f0b68fb7c48,Gemini 2.0 Flash Experimental,gemini-2-0-flash-experimental,2025-03,faddc6d9-2c14-445f-9b28-56726f59c793,Google,958,95,-14/14,2490,,,,976.0,-53/53,178.0,985,-21/21,1084,910,-26/26,765,,,,,,,,,,953,-37/37,383,962,-38/38,345,956,-43/43,269,1018.0,-50/50,201.0,1011,-47/47,230,922,-35/35,406,,,,,,
7c6289cf-94e1-4739-8868-af207d3cbbd2,DALLE 3 HD,dalle-3-hd,2023-09,e67e56e3-15cd-43db-b679-da4660a69f41,OpenAI,948,96,-4/4,23751,930.0,-18/18,1587.0,1032.0,-18/18,1705.0,901,-7/7,10699,958,-8/8,7455,1120.0,-20/20,1169.0,1016.0,-24/24,965.0,951.0,-19/19,1421.0,1033,-12/12,3686,981,-12/12,3356,917,-13/13,2924,918.0,-16/16,2117.0,897,-21/21,1255,909,-10/10,4654,968.0,-20/20,1280.0,895.0,-16/16,1927.0
4ea3a74e-5e8d-4f8a-b00f-a711dda93131,Stable Diffusion 3.5 Medium,stable-diffusion-3-5-medium,2024-10,fae49f90-2280-46b0-b364-40d25eb84564,Stability.ai,941,97,-12/12,3769,892.0,-46/46,280.0,853.0,-46/46,311.0,957,-18/18,1571,912,-22/22,1071,1107.0,-45/45,235.0,971.0,-55/55,168.0,913.0,-49/49,235.0,938,-30/30,613,974,-33/33,459,996,-35/35,407,894.0,-42/42,387.0,932,-38/38,398,972,-30/30,549,920.0,-55/55,177.0,,,
d959db75-771f-4561-ac19-cbc28b0521b3,DALLE 3,dalle-3,2023-09,e67e56e3-15cd-43db-b679-da4660a69f41,OpenAI,931,98,-4/4,23807,901.0,-18/18,1613.0,1008.0,-18/18,1701.0,895,-7/7,10876,938,-8/8,7362,1073.0,-21/21,1110.0,1001.0,-23/23,948.0,921.0,-19/19,1433.0,1004,-12/12,3630,966,-12/12,3336,910,-13/13,3016,913.0,-15/15,2178.0,871,-21/21,1265,907,-10/10,4647,899.0,-20/20,1280.0,876.0,-16/16,1892.0
bc20afc1-e7e0-483a-b96b-d7f44cb4a78b,Firefly Image 3,firefly-image-3,2024-04,2c7b704c-10d3-41b1-bfcf-f7084676079b,Adobe,929,99,-5/5,17052,904.0,-21/21,1202.0,883.0,-21/21,1231.0,975,-8/8,7706,865,-10/10,5253,1068.0,-25/25,779.0,838.0,-29/29,694.0,822.0,-24/24,959.0,935,-14/14,2656,946,-14/14,2425,1055,-15/15,2120,934.0,-18/18,1555.0,930,-24/24,931,950,-12/12,3272,891.0,-23/23,964.0,733.0,-22/22,1248.0
27cefc7e-1c92-42cd-a39f-b0c262db3e05,Sana Sprint 1.6B,sana-sprint-1-6b,2025-03,0c303112-430d-4367-a484-51defaa2e166,NVIDIA,925,100,-12/12,3419,917.0,-45/45,270.0,892.0,-45/45,307.0,918,-21/21,1366,923,-24/24,925,1105.0,-47/47,225.0,827.0,-60/60,186.0,801.0,-60/60,202.0,1000,-29/29,586,1018,-34/34,433,989,-40/40,329,772.0,-56/56,344.0,913,-39/39,378,943,-33/33,490,,,,,,
8d3ecb65-72e8-4da1-903e-20d002c3acb6,Grok 2,grok-2,2024-12,a1e3ddcf-d3e4-44a5-9e8f-029a69850875,xAI,922,101,-17/17,1814,,,,,,,961,-26/26,731,894,-33/33,478,,,,,,,,,,990,-41/41,298,916,-47/47,237,967,-51/51,192,,,,956,-49/49,215,872,-47/47,251,,,,,,
1189110d-671d-4de9-877c-f9797f161134,Bagel,bagel,2025-05,582174aa-90d5-4a43-9c4d-64dc0af57547,Bytedance,911,102,-12/12,3785,907.0,-41/41,336.0,916.0,-43/43,316.0,938,-19/19,1531,881,-24/24,1009,953.0,-48/48,270.0,870.0,-57/57,193.0,861.0,-52/52,241.0,953,-30/30,633,1001,-32/32,478,913,-39/39,392,974.0,-38/38,409.0,910,-37/37,439,884,-34/34,499,,,,,,
b5b08ae1-2313-4ce8-b911-82ada3b71e7e,Amazon Titan G1 v2 (Standard),amazon-titan-g1-v2-standard,2024-08,bb5a4e55-7969-4ab4-8702-3b9fd6547dc2,Amazon,904,103,-5/5,17717,794.0,-24/24,993.0,843.0,-22/22,1167.0,933,-8/8,8214,876,-9/9,5635,1006.0,-24/24,865.0,900.0,-28/28,684.0,917.0,-22/22,1095.0,874,-15/15,2339,873,-15/15,2466,982,-14/14,2438,937.0,-18/18,1644.0,931,-24/24,901,897,-12/12,3517,870.0,-23/23,990.0,841.0,-19/19,1423.0
71604070-731c-4009-b97a-79f92da9b643,Stable Diffusion 3 Medium,stable-diffusion-3-medium,2024-06,fae49f90-2280-46b0-b364-40d25eb84564,Stability.ai,904,104,-5/5,19945,852.0,-20/20,1363.0,810.0,-20/20,1495.0,905,-7/7,8978,902,-9/9,6230,1053.0,-23/23,919.0,929.0,-26/26,780.0,916.0,-21/21,1194.0,868,-13/13,3061,905,-13/13,2831,943,-13/13,2630,889.0,-17/17,1780.0,880,-22/22,1111,900,-11/11,3756,920.0,-21/21,1123.0,899.0,-19/19,1481.0
396b7d29-0e17-4d0a-afef-ba4156836c04,Stable Diffusion 3 Large Turbo,stable-diffusion-3-large-turbo,2024-02,fae49f90-2280-46b0-b364-40d25eb84564,Stability.ai,902,105,-4/4,22509,945.0,-19/19,1479.0,931.0,-17/17,1722.0,873,-7/7,9998,911,-8/8,7019,935.0,-22/22,1113.0,933.0,-23/23,985.0,912.0,-19/19,1425.0,948,-12/12,3536,921,-12/12,3134,863,-14/14,2785,921.0,-16/16,2119.0,873,-21/21,1191,877,-11/11,4308,850.0,-20/20,1258.0,903.0,-18/18,1625.0
c61456b8-0763-4327-adf9-cc4f7cdee50e,Stable Diffusion 1.6,stable-diffusion-1-6,2023-11,fae49f90-2280-46b0-b364-40d25eb84564,Stability.ai,899,106,-4/4,22390,931.0,-19/19,1447.0,928.0,-18/18,1668.0,884,-7/7,9896,882,-8/8,7189,1058.0,-21/21,1068.0,852.0,-23/23,965.0,861.0,-19/19,1487.0,962,-12/12,3452,932,-12/12,3165,937,-13/13,2815,853.0,-17/17,2032.0,876,-22/22,1163,882,-11/11,4195,811.0,-20/20,1304.0,858.0,-17/17,1726.0
bbb167a8-2854-4985-9204-4dfcbf3f2950,Bria 3.2,bria-3-2,2025-07,95c9bc82-f015-4ed4-8da0-4729f2d14f09,Bria,889,107,-12/12,4325,744.0,-52/52,320.0,950.0,-38/38,383.0,916,-19/19,1743,866,-22/22,1210,975.0,-45/45,293.0,856.0,-53/53,240.0,901.0,-46/46,287.0,860,-33/33,646,880,-33/33,600,959,-35/35,450,946.0,-36/36,471.0,884,-37/37,475,861,-33/33,563,967.0,-52/52,195.0,778.0,-75/75,124.0
b2a76bb0-47e8-4781-a497-1f942ca605c7,OmniGen V2,omnigen-v2,2025-06,d2928e1f-884a-4728-8d1c-d48db15c561d,VectorSpaceLab,889,108,-12/12,4294,893.0,-42/42,336.0,890.0,-42/42,367.0,896,-19/19,1772,872,-23/23,1150,970.0,-46/46,293.0,878.0,-54/54,214.0,925.0,-47/47,258.0,877,-32/32,652,876,-34/34,543,876,-41/41,412,964.0,-35/35,496.0,891,-34/34,544,898,-32/32,570,836.0,-57/57,211.0,,,
e2ea165f-2357-440e-820c-03c237d0320f,SDXL Lightning,sdxl-lightning,2024-02,582174aa-90d5-4a43-9c4d-64dc0af57547,Bytedance,888,109,-4/4,23351,915.0,-19/19,1493.0,869.0,-17/17,1762.0,908,-7/7,10737,842,-8/8,7224,1015.0,-21/21,1077.0,813.0,-24/24,928.0,810.0,-20/20,1421.0,928,-12/12,3631,915,-12/12,3255,952,-12/12,3072,901.0,-16/16,2060.0,896,-21/21,1114,887,-10/10,4846,745.0,-24/24,992.0,783.0,-17/17,1890.0
c1ff7611-f6b4-4a26-96c1-0a00144946f4,Amazon Titan G1 (Standard),amazon-titan-g1-standard,2023-11,bb5a4e55-7969-4ab4-8702-3b9fd6547dc2,Amazon,885,110,-5/5,21085,803.0,-23/23,1082.0,770.0,-21/21,1412.0,927,-7/7,9851,842,-9/9,6630,989.0,-21/21,1102.0,856.0,-25/25,852.0,881.0,-20/20,1369.0,854,-14/14,2747,844,-13/13,2970,979,-13/13,2880,921.0,-17/17,1861.0,897,-21/21,1158,886,-11/11,4052,858.0,-20/20,1243.0,805.0,-17/17,1687.0
41f427f0-d987-4189-a811-098baaac6397,Stable Diffusion XL 1.0,stable-diffusion-xl-1-0,2023-07,fae49f90-2280-46b0-b364-40d25eb84564,Stability.ai,857,111,-4/4,23859,900.0,-18/18,1668.0,844.0,-18/18,1749.0,860,-7/7,10613,814,-8/8,7480,1042.0,-20/20,1211.0,819.0,-24/24,967.0,763.0,-21/21,1364.0,916,-12/12,3753,898,-12/12,3307,914,-13/13,3047,827.0,-16/16,2138.0,871,-21/21,1286,854,-10/10,4645,760.0,-21/21,1293.0,727.0,-17/17,1874.0
73bcd079-f0cf-4dc9-ba28-9c8170d72538,Stable Diffusion 2.1,stable-diffusion-2-1,2022-12,fae49f90-2280-46b0-b364-40d25eb84564,Stability.ai,720,112,-5/5,28043,623.0,-22/22,1865.0,613.0,-21/21,2074.0,754,-7/7,12707,673,-9/9,8725,926.0,-20/20,1357.0,648.0,-27/27,1127.0,621.0,-23/23,1678.0,667,-14/14,4333,727,-13/13,3924,846,-12/12,3546,667.0,-18/18,2551.0,644,-25/25,1470,770,-10/10,5487,621.0,-23/23,1493.0,628.0,-17/17,2272.0
5db3c143-21ef-4046-a9f3-9603c8297c18,DALLE 2,dalle-2,2022-09,e67e56e3-15cd-43db-b679-da4660a69f41,OpenAI,708,113,-5/5,28568,498.0,-27/27,1885.0,586.0,-22/22,2098.0,738,-7/7,13034,685,-9/9,8883,906.0,-21/21,1312.0,670.0,-26/26,1188.0,655.0,-22/22,1670.0,659,-14/14,4434,666,-14/14,4090,849,-12/12,3666,641.0,-19/19,2541.0,691,-23/23,1525,726,-11/11,5537,716.0,-20/20,1560.0,643.0,-17/17,2230.0
9d5d83b1-4b8e-4477-b587-5b35133d4b9e,Janus Pro,janus-pro,2025-01,58b835bf-4c87-4f87-a846-df4b692c6e7d,DeepSeek,697,114,-9/9,9750,670.0,-38/38,655.0,632.0,-38/38,774.0,709,-14/14,4257,662,-17/17,2934,924.0,-35/35,504.0,601.0,-54/54,402.0,550.0,-48/48,586.0,758,-22/22,1510,761,-23/23,1336,784,-24/24,1270,582.0,-41/41,931.0,626,-46/46,597,688,-22/22,1723,708.0,-39/39,489.0,527.0,-42/42,625.0
a9df4a85-bb58-4e9a-9d5d-4b9f562c9d61,Stable Diffusion 1.5,stable-diffusion-1-5,2022-10,fae49f90-2280-46b0-b364-40d25eb84564,Stability.ai,604,115,-6/6,21597,492.0,-26/26,1837.0,519.0,-25/25,1920.0,627,-9/9,10124,565,-13/13,5871,811.0,-29/29,925.0,587.0,-38/38,699.0,448.0,-37/37,1217.0,613,-17/17,3495,604,-20/20,2705,740,-16/16,2764,548.0,-23/23,2238.0,459,-42/42,1055,613,-14/14,4475,575.0,-32/32,980.0,482.0,-26/26,1647.0
